Country Name,Country Code,Indicator Name,Indicator Code,1960,1970,1971,1972,1973,1974,1975,1976,1977,1978,1979,1980,1981,1982,1983,1984,1985,1986,1987,1988,1989,1990,1991,1992,1993,1994,1995,1996,1997,1998,1999,2000,2001,2002,2003,2004,2005,2006,2007,2008,2009,2010,2011,2012,2013,2014,2015,2016,2017
Aruba,ABW,"Government expenditure on education, total (% of GDP)",SE.XPD.TOTL.GD.ZS,,,,,,,,,,,,,,,,,,,,,,,,,,,,,,4.763160229,4.395540237,4.714680195,4.739490032,4.924270153,,4.408899784,4.680759907,,4.799180031,4.915589809,5.924670219,6.712490082,6.036870003,6.549059868,6.808060169,6.162930012,,,
Afghanistan,AFG,"Government expenditure on education, total (% of GDP)",SE.XPD.TOTL.GD.ZS,,,1.160359979,1.11717999,1.427880049,,1.30332005,,,,1.73397994,1.836390018,1.904430032,1.73198998,,,,,,,,,,,,,,,,,,,,,,,,,,,,3.461489916,3.439140081,2.527539968,3.481400013,3.780280113,3.31753993,,
Angola,AGO,"Government expenditure on education, total (% of GDP)",SE.XPD.TOTL.GD.ZS,,,,,,,,,,,,,,,,,4.622000217,6.054500103,6.117499828,,,,,,,,,,,2.59149003,,2.607530117,,,,,2.777129889,2.858449936,,,,3.476229906,,,,,,,
Albania,ALB,"Government expenditure on education, total (% of GDP)",SE.XPD.TOTL.GD.ZS,,,,,,,,,,,,,,,,,,,,,,,,,,3.263299942,3.760440111,2.979769945,3.236129999,3.328119993,3.376689911,3.28718996,3.342710018,3.055219889,3.064699888,3.170170069,3.237910032,3.157939911,3.267560005,,,,,,3.539439917,,,,
Andorra,AND,"Government expenditure on education, total (% of GDP)",SE.XPD.TOTL.GD.ZS,,,,,,,,,,,,,,,,,,,,,,,,,,,,,3.713279963,,,,,1.696840048,,1.532539964,1.600250006,2.193989992,2.07404995,2.934570074,3.163870096,3.065799952,3.158890009,,2.462579966,2.997809887,3.253679991,,
Arab World,ARB,"Government expenditure on education, total (% of GDP)",SE.XPD.TOTL.GD.ZS,,,,,,,,,,,,,,,,,,,,,,,,,,,,,,,,,,,,4.67361021,,3.809674978,,4.292010069,,,,,,,,,
United Arab Emirates,ARE,"Government expenditure on education, total (% of GDP)",SE.XPD.TOTL.GD.ZS,,,,,,,,,,,,,,,,,,,,,,,,,,,,,1.111039996,,,,,,,,,,,,,,,,,,,,
Argentina,ARG,"Government expenditure on education, total (% of GDP)",SE.XPD.TOTL.GD.ZS,,1.458089948,,1.936200023,1.780519962,1.923519969,1.843600035,1.165639997,1.71984005,1.935549974,2.400279999,2.607150078,,1.597869992,1.617499948,2.56972003,1.361860037,1.26154995,1.282299995,,1.046120048,1.067379951,,,,,,3.734030008,,4.039169788,4.514080048,4.583600044,4.828289986,4.011950016,3.534199953,3.487349987,3.843760014,4.110429764,4.442689896,4.842909813,5.521890163,4.994830132,5.264110088,5.321450233,5.4176898,5.325489998,,,
Armenia,ARM,"Government expenditure on education, total (% of GDP)",SE.XPD.TOTL.GD.ZS,,,,,,,,,,,,,,,,,,,,,,,,,,,,1.849020004,,,2.236190081,2.776329994,2.460809946,2.138920069,2.151190042,2.484060049,2.715509892,2.711879969,3.018249989,3.171149969,3.842809916,3.249190092,3.142139912,2.770179987,2.64763999,2.246599913,2.813509941,,
American Samoa,ASM,"Government expenditure on education, total (% of GDP)",SE.XPD.TOTL.GD.ZS,,,,,,,,,,,,,,,,,,,,,,,,,,,,,,,,,,,,,,,,,,,,,,,,,
Antigua and Barbuda,ATG,"Government expenditure on education, total (% of GDP)",SE.XPD.TOTL.GD.ZS,,,,,,,,,,,,,,,,,,,,,,,,,,,,,,,3.237070084,,,3.445389986,,,,,,,2.554470062,,,,,,,,
Australia,AUS,"Government expenditure on education, total (% of GDP)",SE.XPD.TOTL.GD.ZS,,,,,,,,,,6.014609814,5.892380238,5.682199955,,5.484869957,5.360229969,,5.415019989,5.28000021,5.07461977,4.913290024,4.747529984,4.670380116,4.793069839,4.686510086,5.509220123,5.24751997,5.129049778,5.225830078,,,,4.892650127,,,,,4.912280083,4.742730141,4.646319866,4.627190113,5.086410046,5.555230141,5.098340034,4.899909973,5.285840034,5.22533989,,,
Austria,AUT,"Government expenditure on education, total (% of GDP)",SE.XPD.TOTL.GD.ZS,,4.157179832,4.2926898,4.46089983,4.526370049,4.667190075,5.140339851,5.250309944,4.965980053,5.172249794,5.050330162,5.021070004,5.38078022,5.375939846,5.316589832,5.307260036,5.314010143,5.493989944,5.380159855,5.21889019,5.017439842,4.977109909,5.119339943,5.323959827,5.249650002,,5.447130203,5.275529861,,6.114530087,6.137949944,5.604720116,5.588779926,5.540100098,5.381849766,5.310060024,5.271669865,5.26237011,5.183000088,5.2957201,5.77120018,5.71780014,5.612699986,5.508979797,5.562739849,5.499549866,,,
Azerbaijan,AZE,"Government expenditure on education, total (% of GDP)",SE.XPD.TOTL.GD.ZS,,,,,,,,,,,,,,,,,,,,,,,,6.057970047,,,3.337369919,3.512520075,,3.380000114,4.212170124,3.853990078,3.503420115,3.154489994,3.286149979,3.447659969,2.974620104,2.555510044,2.549279928,2.44092989,3.224309921,2.780620098,2.435640097,2.096299887,2.462179899,2.634660006,,,
Burundi,BDI,"Government expenditure on education, total (% of GDP)",SE.XPD.TOTL.GD.ZS,,,,,,,,,,,2.803359985,,3.346760035,,,,,,,,,3.357219934,3.491980076,3.799119949,,4.559830189,5.01240015,4.08479023,,,3.420449972,2.646879911,2.904089928,3.005850077,,3.736119986,3.62687993,,,5.195990086,6.320509911,6.805309772,5.999110222,5.815090179,5.416419983,,,,
Belgium,BEL,"Government expenditure on education, total (% of GDP)",SE.XPD.TOTL.GD.ZS,,,,,,,5.732140064,5.700530052,5.956940174,5.407400131,5.351699829,5.282360077,5.406380177,5.281680107,,,,4.812779903,4.552909851,4.269999981,,,,,5.336909771,5.387350082,2.96736002,3.025300026,,,,,5.838630199,5.948760033,5.877230167,5.801340103,5.777919769,5.834320068,5.844170094,6.292560101,6.411330223,6.409759998,6.380529881,,6.645420074,6.585140228,,,
Benin,BEN,"Government expenditure on education, total (% of GDP)",SE.XPD.TOTL.GD.ZS,,,,,,,,,,,,,,,,,,,,,,,,,,,,,,2.744829893,2.620480061,2.887429953,3.240099907,2.94994998,3.119999886,3.505980015,3.636250019,3.50184989,3.230940104,3.80053997,4.223549843,5.032519817,,4.870619774,4.551439762,4.320680141,4.359809875,,
Burkina Faso,BFA,"Government expenditure on education, total (% of GDP)",SE.XPD.TOTL.GD.ZS,,,,,,,,,,1.679700017,,1.96420002,,,1.753939986,,1.765169978,,,1.426419973,,,,,,3.458570004,,1.44370997,,,,,,,,,4.434760094,4.451379776,4.596010208,,,3.936810017,4.483550072,4.053939819,4.595689774,4.60476017,4.062240124,,
Bangladesh,BGD,"Government expenditure on education, total (% of GDP)",SE.XPD.TOTL.GD.ZS,,,,,,,,,,,1.129920006,0.937229991,1.070649981,1.011270046,1.033370018,1.22416997,1.271239996,1.344040036,1.514160037,,,1.518939972,1.425099969,1.624680042,1.686169982,,,,1.951789975,,2.132159948,2.120850086,2.167920113,2.01947999,2.071239948,1.941930056,,2.131659985,2.203759909,2.053819895,1.938439965,,2.131469965,2.175100088,1.957260013,,,1.926339984,
Bulgaria,BGR,"Government expenditure on education, total (% of GDP)",SE.XPD.TOTL.GD.ZS,,,,,,,,,,,,3.52947998,,,,,,,,,,4.454060078,5.429619789,5.2604599,4.950489998,4.170660019,3.44701004,2.712039948,,2.81427002,,,3.395750046,3.394880056,4.011769772,2.325570107,4.115359783,3.912039995,3.652970076,4.204790115,4.294109821,3.863460064,3.563030005,3.502029896,4.061970234,,,,
Bahrain,BHR,"Government expenditure on education, total (% of GDP)",SE.XPD.TOTL.GD.ZS,,,,,,,,,,,,,,,,,,,,,,,,,,,,,,,,,,,,,,2.874360085,2.575000048,2.496779919,,,,2.645309925,2.476890087,2.467459917,2.668080091,,
"Bahamas, The",BHS,"Government expenditure on education, total (% of GDP)",SE.XPD.TOTL.GD.ZS,,,,,,,,,,,,,,,,,,,,,,,,,,,,,,,,2.849989891,,,,,,,,,,,,,,,,,
Bosnia and Herzegovina,BIH,"Government expenditure on education, total (% of GDP)",SE.XPD.TOTL.GD.ZS,,,,,,,,,,,,,,,,,,,,,,,,,,,,,,,,,,,,,,,,,,,,,,,,,
Belarus,BLR,"Government expenditure on education, total (% of GDP)",SE.XPD.TOTL.GD.ZS,,,,,,,,,,,,,,,,,,,,,,,,,,,,,,,5.992209911,6.199200153,,,,5.711319923,5.868060112,6.074440002,5.150259972,,4.531300068,5.425839901,4.846399784,5.124499798,5.176829815,4.990439892,4.947649956,,
Belize,BLZ,"Government expenditure on education, total (% of GDP)",SE.XPD.TOTL.GD.ZS,,,,,,,,,,,,,,,,,,,,,,,,,,,,,,,5.44343996,5.028429985,5.796929836,,5.206820011,5.299270153,,,,5.687759876,6.095779896,6.613299847,,,6.217289925,6.425839901,,,
Bermuda,BMU,"Government expenditure on education, total (% of GDP)",SE.XPD.TOTL.GD.ZS,,,,,4.107900143,,3.434420109,,,,,,,,,,3.034490108,,,,,3.136199951,3.150650024,3.4760499,,,,,,2.152270079,,,,,1.666270018,1.775879979,1.988770008,,,,2.615190029,2.6442101,,,,1.782850027,1.704300046,,
Bolivia,BOL,"Government expenditure on education, total (% of GDP)",SE.XPD.TOTL.GD.ZS,,,,,,,,,,,,,,,,,,,,,,,,,,4.784210205,5.608170033,4.657410145,,5.523009777,5.659319878,5.473420143,5.899459839,6.230309963,6.379039764,,,6.313610077,,7.021910191,8.063099861,7.593259811,6.898079872,6.430530071,6.253680229,7.285459995,,,
Brazil,BRA,"Government expenditure on education, total (% of GDP)",SE.XPD.TOTL.GD.ZS,,,,,,,,,,,,,,,,,,,,,,,,,,,4.473070145,,,4.767849922,3.792639971,3.945940018,3.832319975,3.747319937,,3.96991992,4.480289936,4.869490147,4.974740028,5.268509865,5.468530178,5.642769814,5.745790005,5.795159817,5.99394989,,,,
Barbados,BRB,"Government expenditure on education, total (% of GDP)",SE.XPD.TOTL.GD.ZS,,,,,,,,,,,,,,,,,,,,,,,6.638130188,,,,,,,,4.254650116,4.621600151,5.934869766,5.763380051,6.121339798,5.904059887,5.556930065,,5.11634016,5.061079979,5.327420235,5.875840187,,5.62322998,5.479249954,6.573299885,,,
Brunei Darussalam,BRN,"Government expenditure on education, total (% of GDP)",SE.XPD.TOTL.GD.ZS,,6.239150047,4.995019913,4.039289951,8.793290138,3.39270997,1.961339951,1.970080018,,2.114239931,1.545519948,1.191079974,1.616780043,1.697149992,,,,,4.737730026,5.409029961,4.69012022,3.959959984,3.668940067,3.747689962,4.29403019,,,,,5.253950119,4.932050228,3.705909967,,,,,,,,,,2.046610117,3.322099924,2.889590025,,3.353189945,,4.425409794,
Bhutan,BTN,"Government expenditure on education, total (% of GDP)",SE.XPD.TOTL.GD.ZS,,,,,,,,,,,,,,,,,,,,,,,,,,,,,,,,5.513790131,5.71780014,,,6.417990208,7.078100204,,,4.797500134,4.626719952,4.024469852,4.652579784,,5.589660168,5.924600124,7.361690044,,
Botswana,BWA,"Government expenditure on education, total (% of GDP)",SE.XPD.TOTL.GD.ZS,,,4.387239933,3.906389952,3.262789965,3.674240112,5.649429798,6.063960075,5.40031004,5.952139854,6.141729832,5.46931982,,,5.552269936,5.551660061,5.650720119,5.185929775,6.117730141,6.151110172,,5.739630222,,6.840610027,,,,,,,,,,,,,10.67858982,,8.851490021,,9.632920265,,,,,,,,
Central African Republic,CAF,"Government expenditure on education, total (% of GDP)",SE.XPD.TOTL.GD.ZS,,,,,,,,,,3.165489912,,,,,,,,2.205749989,2.547650099,,,2.245660067,2.273780107,,,,,,,,1.691059947,1.612900019,,1.519539952,1.540789962,1.624439955,1.636940002,1.414530039,1.312649965,1.290099978,1.303200006,1.204089999,1.223930001,,,,,,
Canada,CAN,"Government expenditure on education, total (% of GDP)",SE.XPD.TOTL.GD.ZS,,,7.710189819,7.634059906,7.033770084,6.706729889,6.438020229,6.714310169,6.723080158,7.099229813,6.725389957,6.478630066,6.434430122,6.521289825,6.876399994,6.639150143,6.216149807,6.045100212,6.329889774,6.175350189,6.102240086,5.992229939,6.884270191,6.773389816,7.704470158,6.676509857,6.320509911,,,5.511360168,5.551690102,5.466259956,4.98032999,5.012949944,,,4.786389828,,4.787439823,4.648700237,4.86123991,5.360919952,5.281219959,,,,,,
Central Europe and the Baltics,CEB,"Government expenditure on education, total (% of GDP)",SE.XPD.TOTL.GD.ZS,,,,,,,,,,,,,,,,,,,,,,,,,,,4.664550066,4.348370075,,4.951010227,4.592050076,4.877200127,5.083540201,5.18930006,5.067289829,4.855050087,4.844850063,4.7660501,4.590549946,4.914834976,4.98788023,4.79087019,4.617909908,4.712930202,4.59705019,4.785549879,,,
Switzerland,CHE,"Government expenditure on education, total (% of GDP)",SE.XPD.TOTL.GD.ZS,,,,,,,,,,,,4.369550228,4.323830128,4.406020164,4.510169983,4.366099834,4.312049866,4.349709988,4.298019886,4.375080109,4.274240017,4.529329777,4.698659897,,5.099999905,5.071179867,5.073760033,5.084300041,,4.88424015,4.8959198,4.786059856,4.962110043,5.323219776,5.538559914,5.458459854,5.223609924,4.982689857,4.712629795,4.895969868,5.060190201,4.949059963,4.996039867,5.05284977,5.065700054,5.096079826,,,
Channel Islands,CHI,"Government expenditure on education, total (% of GDP)",SE.XPD.TOTL.GD.ZS,,,,,,,,,,,,,,,,,,,,,,,,,,,,,,,,,,,,,,,,,,,,,,,,,
Chile,CHL,"Government expenditure on education, total (% of GDP)",SE.XPD.TOTL.GD.ZS,,,,,,3.913969994,3.791589975,,,3.185230017,3.663650036,4.424870014,5.207940102,,,,,,3.003550053,,,2.361599922,,,2.460870028,2.593440056,2.640969992,2.883480072,3.092449903,3.436170101,3.844510078,3.705719948,,4.009809971,3.852940083,3.490580082,3.226809978,3.024480104,3.224560022,3.794610023,4.243219852,4.181159973,4.078820229,4.575059891,4.558400154,4.750120163,4.923240185,,
China,CHN,"Government expenditure on education, total (% of GDP)",SE.XPD.TOTL.GD.ZS,,,1.386989951,1.606269956,1.648550034,1.759719968,1.708220005,1.815719962,1.749539971,1.958150029,2.148289919,1.910889983,1.947170019,2.035749912,2.07723999,1.998209953,2.007910013,2.056829929,1.800490022,1.761909962,,,,1.654229999,1.656610012,1.987239957,1.843119979,1.85374999,,1.844230056,1.887300014,,,,,,,,,,,,,,,,,,
Cote d'Ivoire,CIV,"Government expenditure on education, total (% of GDP)",SE.XPD.TOTL.GD.ZS,,5.869760036,,7.533480167,7.046870232,5.69039011,6.781680107,6.485410213,,6.764289856,8.252180099,6.85943985,,,,,,,,,,,,6.785970211,6.498370171,4.784259796,4.302000046,4.056139946,4.031990051,3.788189888,4.094490051,3.703799963,3.670730114,4.088270187,3.966289997,4.125710011,4.106550217,4.000599861,4.258339882,4.360579967,4.398449898,4.562620163,4.129519939,4.612730026,4.743060112,4.729380131,5.034220219,,
Cameroon,CMR,"Government expenditure on education, total (% of GDP)",SE.XPD.TOTL.GD.ZS,,,3.081799984,3.359940052,,,,,,,,,,2.979000092,3.500920057,3.243890047,,2.847500086,2.928179979,2.71604991,2.652230024,3.289999962,3.222929955,2.75116992,,,,,,,,1.933279991,2.61048007,,3.300549984,3.331459999,3.123080015,2.954890013,3.367029905,2.969320059,3.472749949,3.313090086,3.064059973,2.968620062,3.029900074,,,,
"Congo, Dem. Rep.",COD,"Government expenditure on education, total (% of GDP)",SE.XPD.TOTL.GD.ZS,,,,,,,,,,,,2.267309904,2.535049915,2.799819946,1.29945004,0.704140007,0.825699985,0.722500026,0.861199975,0.814840019,,,,,,,,,,,,,,,,,,,,,,1.601780057,,,2.245349884,,,,
"Congo, Rep.",COG,"Government expenditure on education, total (% of GDP)",SE.XPD.TOTL.GD.ZS,,5.732299805,5.55095005,,5.229790211,,7.761909962,,,8.426059723,7.03813982,6.36631012,,,,,,,,,,,,,,6.375460148,4.892739773,,,4.068620205,,,,3.215810061,2.838670015,2.284229994,1.836169958,,,,,6.217889786,,,,,,,
Colombia,COL,"Government expenditure on education, total (% of GDP)",SE.XPD.TOTL.GD.ZS,,,,,,,,,,,1.752599955,1.728160024,2.600879908,,,3.001630068,2.713020086,,,,2.710030079,,,,,,,,,3.939990044,4.428090096,3.503329992,3.706239939,4.273759842,4.330619812,4.076200008,3.99684,3.892280102,4.059380054,3.910510063,4.744110107,4.825489998,4.459050179,4.386889935,4.906680107,4.65941,4.490990162,,
Comoros,COM,"Government expenditure on education, total (% of GDP)",SE.XPD.TOTL.GD.ZS,,,,,,,,,,,,,,,,,,,,,,,,,,,,,,3.782540083,,,,3.879990101,,,,,,7.696609974,,,4.944349766,4.880660057,4.302249908,4.868619919,4.343289852,,
Cabo Verde,CPV,"Government expenditure on education, total (% of GDP)",SE.XPD.TOTL.GD.ZS,,,,,,,,,,,,,,,,,,,,,,,,,,,,,,6.391769886,6.801680088,,,7.876820087,,7.476640224,,6.529600143,5.406380177,5.505670071,5.304240227,5.550010204,5.041019917,,4.992450237,,,,
Costa Rica,CRI,"Government expenditure on education, total (% of GDP)",SE.XPD.TOTL.GD.ZS,,,,,,,,,,,,7.347169876,,4.885069847,3.933190107,,,3.561919928,,3.051300049,3.118129969,,,,,,3.368700027,3.916100025,,,5.410739899,4.684209824,4.854279995,5.172460079,5.152870178,4.914830208,,4.621439934,4.664420128,4.920050144,6.053619862,6.633409977,6.446519852,6.681670189,6.86616993,6.927239895,7.176010132,,
Caribbean small states,CSS,"Government expenditure on education, total (% of GDP)",SE.XPD.TOTL.GD.ZS,,,,,3.631439924,4.248970032,5.228789806,5.858329773,6.026519775,,,3.768079996,,5.457399845,5.766600132,5.87390995,5.579824924,4.603980064,,3.940860033,4.691925049,4.216645002,4.383069992,3.336659908,3.214030027,3.976559877,3.654734969,3.707965016,4.14607501,2.438920021,2.756119967,3.883875132,4.237760067,4.484284997,3.694715023,3.909029961,4.613910198,,5.492569923,6.188739777,6.201240063,6.342720032,6.28178978,6.115920067,6.270770073,6.024670124,5.461959839,,
Cuba,CUB,"Government expenditure on education, total (% of GDP)",SE.XPD.TOTL.GD.ZS,,,,,,,,,,,,8.36909008,,,,,,,,,,,7.14496994,,7.074769974,5.619480133,,,,6.208660126,6.755080223,7.70486021,8.357850075,9.571200371,9.940779686,10.26828003,10.55768967,9.057290077,11.86828995,14.05908012,13.12516022,12.83726978,,,,,,,
Curacao,CUW,"Government expenditure on education, total (% of GDP)",SE.XPD.TOTL.GD.ZS,,,,,,,,,,,,,,,,,,,,,,,,,,,,,,,,,,,,,,,,,,,,,4.930950165,,,,
Cayman Islands,CYM,"Government expenditure on education, total (% of GDP)",SE.XPD.TOTL.GD.ZS,,,,,,,,,,,,,,,,,,,,,,,,,,,,,,,,,,,,,,,,,,,,,,,,,
Cyprus,CYP,"Government expenditure on education, total (% of GDP)",SE.XPD.TOTL.GD.ZS,,,,,,,4.335020065,3.819700003,3.385489941,3.312340021,3.353130102,3.426009893,3.791320086,3.731780052,,3.601910114,3.586960077,3.488970041,3.448709965,3.375469923,3.376270056,3.339240074,3.5753901,3.780299902,4.09555006,4.159969807,3.781719923,,,,4.719679832,4.892779827,5.033510208,5.486519814,6.656700134,6.081960201,6.196000099,6.227600098,6.25248003,6.724020004,7.20622015,6.580249786,6.562379837,,6.439680099,6.138390064,,,
Czech Republic,CZE,"Government expenditure on education, total (% of GDP)",SE.XPD.TOTL.GD.ZS,,,,,,,,,,,,,,,,,,,,,,,,3.790040016,4.198810101,4.709340096,4.564179897,4.290070057,,3.607929945,3.688790083,3.665359974,3.760720015,3.989890099,4.151770115,4.017439842,3.896270037,4.220459938,3.876840115,3.748389959,4.182360172,4.077280045,4.276120186,4.250770092,4.089019775,,,,
Germany,DEU,"Government expenditure on education, total (% of GDP)",SE.XPD.TOTL.GD.ZS,,,,,,,,,,,,,,,,,,,,,,,,,4.410160065,4.335569859,4.418190002,4.474639893,,4.449550152,,,,,,,,4.28512001,4.348619938,4.412539959,4.881040096,4.913790226,4.813360214,4.9302001,4.928420067,4.952189922,,,
Djibouti,DJI,"Government expenditure on education, total (% of GDP)",SE.XPD.TOTL.GD.ZS,,,,,,,,,,,,,,,,,,,,,,,,,,,,,,,7.629479885,9.659999847,7.784810066,8.452010155,8.853850365,9.294119835,8.361840248,8.257329941,8.389160156,,,4.480790138,,,,,,,
Dominica,DMA,"Government expenditure on education, total (% of GDP)",SE.XPD.TOTL.GD.ZS,,,,,,,,,,,,,,,,,,,,,5.178329945,,,,,,,,,7.160590172,4.991839886,,,,,,,,,,,,,,,,,,
Denmark,DNK,"Government expenditure on education, total (% of GDP)",SE.XPD.TOTL.GD.ZS,,6.053170204,6.472859859,6.539999962,6.330979824,6.619810104,6.758870125,,5.68859005,5.768670082,5.589459896,5.938600063,,,,,,5.860000134,6.089690208,6.358580112,5.864789963,,5.606520176,,7.785109997,7.473209858,7.445769787,7.870639801,,8.079409599,7.940889835,8.065560341,8.224599838,8.2146101,8.103610039,8.185890198,8.065150261,7.740310192,7.610549927,7.482150078,8.508879662,8.611510277,8.562999725,7.29557991,8.627109528,,,,
Dominican Republic,DOM,"Government expenditure on education, total (% of GDP)",SE.XPD.TOTL.GD.ZS,,2.640969992,,,,,,,,,,,,1.597540021,1.565459967,1.497789979,1.210190058,,,,,,,,0.781180024,0.90200001,1.048599958,1.233800054,,,,1.914090037,2.021369934,1.969409943,1.876330018,,,,2.044569969,,,,,,,,,,
Algeria,DZA,"Government expenditure on education, total (% of GDP)",SE.XPD.TOTL.GD.ZS,,,,,,,,,,,7.187449932,6.577179909,,,,,,,,,,,,,,,,,,,,,,,,,,,,4.354249954,,,,,,,,,
East Asia & Pacific (excluding high income),EAP,"Government expenditure on education, total (% of GDP)",SE.XPD.TOTL.GD.ZS,,,,,,,,,,,,,,,,,,,,,,,,,,,2.439464986,2.894775033,3.730554938,,,4.26079011,2.740120053,2.995899916,,2.743479967,,,3.074919939,3.507390022,3.865410089,4.077284932,4.704180002,4.557859898,4.12887001,,,,
Early-demographic dividend,EAR,"Government expenditure on education, total (% of GDP)",SE.XPD.TOTL.GD.ZS,,,,,,,,,,,,,,,,,,,,,,,,,,,,,,,4.21502018,4.006774902,4.245299816,3.752400041,3.951509953,3.462684989,,4.055134892,3.532519937,4.060440063,,3.866830111,3.845119953,3.80934,3.655485034,,,,
East Asia & Pacific,EAS,"Government expenditure on education, total (% of GDP)",SE.XPD.TOTL.GD.ZS,,,,,,,,,,,,2.955664992,,3.902450085,,,,,,,,,,,,,3.089504957,,,,,,3.556060076,3.828474998,,3.855144978,3.634455085,3.90811491,3.462270021,3.507390022,4.531215191,3.635799885,4.599870205,4.557859898,3.941884995,,,,
Europe & Central Asia (excluding high income),ECA,"Government expenditure on education, total (% of GDP)",SE.XPD.TOTL.GD.ZS,,,,,,,,,,,,,,,,,,,,,,,,,,,,,,,3.630379915,3.256500006,3.296074986,3.294810057,3.417840004,3.255369902,3.512150049,3.403480053,3.813955069,4.152120113,4.294109821,,4.043950081,3.939680099,,,,,
Europe & Central Asia,ECS,"Government expenditure on education, total (% of GDP)",SE.XPD.TOTL.GD.ZS,,,,,,,,,,,,,,,,,,,,,,,,,,,4.627900124,4.539809942,,4.445849895,4.53071022,4.177979946,4.684850216,4.582509995,4.978279829,4.855050087,4.944400072,4.949029922,4.714854956,4.975919962,5.17166996,5.349910021,5.006710052,4.9302001,5.176829815,5.125589848,,,
Ecuador,ECU,"Government expenditure on education, total (% of GDP)",SE.XPD.TOTL.GD.ZS,,2.002830029,1.879400015,,,,,,2.418839931,,,,,,,4.203420162,5.2333498,6.87237978,,,,,,,,,1.997640014,,,2.195369959,1.547340035,1.150930047,,,,,,,,,4.342420101,4.507430077,4.726890087,4.643070221,5.004640102,5.246870041,4.963220119,,
"Egypt, Arab Rep.",EGY,"Government expenditure on education, total (% of GDP)",SE.XPD.TOTL.GD.ZS,,,4.74202013,4.726359844,,5.488530159,5.008460045,5.027369976,4.534430027,4.861710072,,4.249800205,,5.304150105,5.642350197,,,,,4.519370079,4.591589928,,,4.105410099,4.200719833,4.589680195,4.604000092,4.671569824,,,,,,,4.93971014,4.67361021,4.789979935,3.999840021,3.683619976,3.758729935,,,,,,,,,
Euro area,EMU,"Government expenditure on education, total (% of GDP)",SE.XPD.TOTL.GD.ZS,,,3.724354863,,,4.229249954,4.718519926,4.355340004,,4.32791996,4.79335022,,5.105360031,5.058560133,4.842804909,4.818949938,,4.812779903,4.601840019,4.568490028,,4.541240215,4.791364908,,4.840469837,4.698159933,4.70393014,4.796494961,,4.602379799,4.792804956,4.903350115,5.328299999,5.423649788,5.108510017,5.08433485,5.059679985,4.915369987,4.826075077,5.200905085,5.576900005,5.539254904,5.320029974,5.477039814,5.405580044,5.383440018,,,
Eritrea,ERI,"Government expenditure on education, total (% of GDP)",SE.XPD.TOTL.GD.ZS,,,,,,,,,,,,,,,,,,,,,,,,,,,,1.638550043,,4.620580196,5.26281023,,4.047160149,3.523900032,,3.148969889,,2.127000093,,,,,,,,,,,
Spain,ESP,"Government expenditure on education, total (% of GDP)",SE.XPD.TOTL.GD.ZS,,1.838000059,1.894430041,2.070270061,,1.463529944,,1.904569983,2.082829952,2.236799955,2.344419956,,,,,,,,3.135370016,3.332730055,3.5650599,3.641299963,3.757369995,3.849090099,4.251560211,4.496850014,4.449979782,4.468440056,,4.303279877,4.272799969,4.177979946,4.117099762,4.137619972,4.169620037,4.15031004,4.128099918,4.159230232,4.236480236,4.485770226,4.863440037,4.823299885,4.868370056,4.431089878,4.310249805,4.270929813,,,
Estonia,EST,"Government expenditure on education, total (% of GDP)",SE.XPD.TOTL.GD.ZS,,,,,,,,,,,,,,,,,,,,,,,,,,,6.073060036,6.105840206,6.448190212,6.298600197,6.68735981,5.340209961,5.236480236,5.468679905,5.294620037,4.911809921,4.844850063,,4.66395998,5.517509937,5.9541502,5.52699995,5.017380238,4.712930202,4.849170208,5.481639862,,,
Ethiopia,ETH,"Government expenditure on education, total (% of GDP)",SE.XPD.TOTL.GD.ZS,,,,,,,,,,,,,,2.112349987,2.302059889,2.112030029,2.337569952,2.137949944,,,,,,,2.3542099,,,2.774620056,2.757940054,,,3.983109951,3.700289965,3.632450104,,,,5.505819798,5.436850071,5.417860031,4.425730228,4.496119976,5.484000206,5.567629814,4.500510216,,,,
European Union,EUU,"Government expenditure on education, total (% of GDP)",SE.XPD.TOTL.GD.ZS,,,,,,,,,,,,,,,,,,,,,,,4.962064981,5.00067997,4.950489998,4.72548008,4.764920235,4.645619869,,4.525964975,4.592050076,4.877200127,5.236480236,5.215815067,5.103344917,5.054629803,5.059679985,5.0682199,4.858550072,5.059325218,5.568590164,5.400790215,5.122270107,4.958119869,5.305400133,5.285240173,,,
Fragile and conflict affected situations,FCS,"Government expenditure on education, total (% of GDP)",SE.XPD.TOTL.GD.ZS,,,,,,,,,,,,,,,,,,,,,,,,,,,,,,,,,,,,,,,,,,2.552710056,,,2.849709988,,,,
Finland,FIN,"Government expenditure on education, total (% of GDP)",SE.XPD.TOTL.GD.ZS,,5.409470081,5.327420235,5.004469872,5.089600086,4.478990078,5.029500008,5.224450111,,,4.79335022,4.822169781,4.829939842,4.776159763,4.851749897,4.695580006,5.041959763,5.096580029,5.198130131,5.064909935,5.070360184,5.335909843,6.332890034,6.515120029,7.483670235,6.855629921,6.809420109,6.864560127,,,5.866049767,5.72784996,5.865719795,6.036540031,6.157259941,6.187119961,6.050310135,5.924849987,5.67343998,5.838059902,6.486219883,6.544209957,6.477700233,7.185100079,7.170390129,7.16809988,,,
Fiji,FJI,"Government expenditure on education, total (% of GDP)",SE.XPD.TOTL.GD.ZS,,,,,,,,,,,5.197609901,,5.820109844,,6.486690044,,,,,,4.831099987,,,,,,,,,5.512619972,5.153510094,5.857250214,5.617139816,6.24382019,,6.164929867,5.121970177,5.607140064,5.848430157,4.25357008,4.498479843,,4.17305994,,3.882889986,,,,
France,FRA,"Government expenditure on education, total (% of GDP)",SE.XPD.TOTL.GD.ZS,,3.421519995,3.156019926,3.348210096,3.220969915,4.229249954,4.407539845,4.418429852,4.418029785,4.32791996,4.272689819,4.29598999,4.712100029,4.835440159,4.833859921,4.84717989,4.830460072,4.688360214,4.601840019,4.526209831,4.443570137,4.486460209,4.80479002,4.697929859,5.392380238,5.578519821,5.782529831,5.721389771,,5.654019833,5.637909889,5.499340057,5.433320045,5.423649788,5.714009762,5.639530182,5.505959988,5.451720238,5.433100224,5.432740211,5.735579967,5.679100037,5.513929844,5.525350094,5.492990017,,,,
Faroe Islands,FRO,"Government expenditure on education, total (% of GDP)",SE.XPD.TOTL.GD.ZS,,,,,,,,,,,,,,,,,,,,,,,,,,,,,,,,,,,,,,,,,,,,,,,,,
"Micronesia, Fed. Sts.",FSM,"Government expenditure on education, total (% of GDP)",SE.XPD.TOTL.GD.ZS,,,,,,,,,,,,,,,,,,,,,,,,,,,,,,,6.409770012,6.708179951,,,,,,,,,,,,,,,12.4677496,,
Gabon,GAB,"Government expenditure on education, total (% of GDP)",SE.XPD.TOTL.GD.ZS,,,,,,,,,,,,,,,,,,,,,,,,2.806010008,,,,,,3.413209915,3.082299948,3.825180054,,,,,,,,,,3.078730106,2.98800993,3.012190104,3.02989006,2.666169882,,,
UK,GBR,"Government expenditure on education, total (% of GDP)",SE.XPD.TOTL.GD.ZS,,,5.032050133,5.159379959,5.448609829,5.390999794,6.268780231,6.440370083,6.084499836,,,5.077290058,5.290540218,5.190330029,5.058310032,4.899069786,4.593369961,4.383729935,4.375120163,4.267980099,4.122459888,4.052030087,4.120289803,4.334259987,,4.849009991,4.840539932,4.455910206,,4.271619797,4.063739777,4.109799862,4.178929806,4.719550133,4.889269829,4.805570126,5.015610218,5.044099808,4.965060234,4.956709862,5.17166996,5.806660175,5.709020138,,5.636189938,5.734489918,5.684269905,,
Georgia,GEO,"Government expenditure on education, total (% of GDP)",SE.XPD.TOTL.GD.ZS,,,,,,,,,,,,,,,,,,,,,,,,,,6.915659904,,,,2.108880043,2.15512991,2.181070089,2.137500048,2.235009909,2.065599918,2.914200068,2.484309912,3.003639936,2.696870089,2.919559956,3.222389936,,2.696219921,1.983309984,,,,,
Ghana,GHA,"Government expenditure on education, total (% of GDP)",SE.XPD.TOTL.GD.ZS,,,4.224440098,4.621399879,,3.802710056,4.876540184,5.828829765,6.09528017,,2.311350107,2.707770109,1.808120012,1.904539943,,,,3.354480028,3.306699991,3.187419891,,,,,,,,,,,4.110370159,,5.354440212,,,7.535580158,7.42208004,5.259940147,5.519869804,5.757959843,5.317440033,5.540599823,8.14097023,7.919139862,6.098189831,6.178549767,,,
Gibraltar,GIB,"Government expenditure on education, total (% of GDP)",SE.XPD.TOTL.GD.ZS,,,,,,,,,,,,,,,,,,,,,,,,,,,,,,,,,,,,,,,,,,,,,,,,,
Guinea,GIN,"Government expenditure on education, total (% of GDP)",SE.XPD.TOTL.GD.ZS,,,,,,,,,,,,,,,,,,,,,,,2.01899004,2.008179903,2.090539932,,,,,,2.362499952,2.59465003,2.081520081,2.59348011,2.37135005,2.209379911,1.84968996,,,2.436069965,3.220829964,3.694370031,3.06633997,2.470779896,3.544830084,3.208169937,,,
"Gambia, The",GMB,"Government expenditure on education, total (% of GDP)",SE.XPD.TOTL.GD.ZS,,,,,,,,,,,,,,,,,4.295149803,3.484730005,,,2.974090099,2.825839996,3.780610085,1.169839978,,,2.553560019,2.566279888,,,1.565129995,1.465870023,1.158100009,1.44291997,1.363379955,1.034500003,1.139179945,1.209489942,1.308509946,3.527420044,3.072350025,4.153379917,3.89921999,4.089749813,2.76770997,,,,
Guinea-Bissau,GNB,"Government expenditure on education, total (% of GDP)",SE.XPD.TOTL.GD.ZS,,,,,,,,,,,,,,,,,,,,,,,,,,,,,,,5.253449917,,,,,,,,,,,1.867550015,1.84465003,1.989549994,2.173130035,,,,
Equatorial Guinea,GNQ,"Government expenditure on education, total (% of GDP)",SE.XPD.TOTL.GD.ZS,,,,,,,,,,,,,,,,,,,,,,,,,,,,,,2.184859991,,,,,,,,,,,,,,,,,,,
Greece,GRC,"Government expenditure on education, total (% of GDP)",SE.XPD.TOTL.GD.ZS,,1.546499968,1.302459955,,1.112619996,1.336089969,1.46085,1.448250055,1.493729949,1.685700059,,,1.692800045,1.686840057,1.688680053,1.810029984,,1.83336997,1.834210038,1.868939996,2.015460014,2.046080112,1.934329987,,,,,,,2.898639917,3.022959948,3.235860109,3.36887002,3.433990002,3.427520037,3.661819935,3.968780041,,,,,,,,,,,,
Grenada,GRD,"Government expenditure on education, total (% of GDP)",SE.XPD.TOTL.GD.ZS,,,,,,,,,,,,,,,,,,,,,,,,,,,,,,,,,,,3.926739931,,,,,,,,,,,,,,
Greenland,GRL,"Government expenditure on education, total (% of GDP)",SE.XPD.TOTL.GD.ZS,,,,,,,,,,,,,,,,,,,,,,,,,,,,,,,,,,,,,,,,,,,,,,,,,
Guatemala,GTM,"Government expenditure on education, total (% of GDP)",SE.XPD.TOTL.GD.ZS,,1.858719945,2.025540113,,,,,1.62729001,,,,,,,,,,,,,,,,,1.665750027,1.43998003,1.604799986,1.563699961,,,,,,,,,,2.98187995,3.035949945,3.183160067,,2.803849936,2.920229912,2.955790043,2.842910051,2.941740036,2.955950022,,
Guam,GUM,"Government expenditure on education, total (% of GDP)",SE.XPD.TOTL.GD.ZS,,,,,,,,,,,,,,,,,,,,,,,,,,,,,,,,,,,,,,,,,,,,,,,,,
Guyana,GUY,"Government expenditure on education, total (% of GDP)",SE.XPD.TOTL.GD.ZS,,4.328979969,,,,,,,7.088729858,,9.377869606,,,,8.253470421,7.227479935,,,,,,,,,,3.724450111,3.609339952,,,,8.537929535,8.484930038,8.617170334,8.392689705,6.958990097,5.521049976,8.133460045,5.088640213,3.753890038,,3.361969948,3.661560059,3.588989973,3.192159891,,,,,
High income,HIC,"Government expenditure on education, total (% of GDP)",SE.XPD.TOTL.GD.ZS,,,,,,4.573090076,5.029500008,4.939770222,,4.989880085,4.79335022,4.921619892,4.994889975,5.15467,5.058310032,,,4.812779903,4.601840019,4.610770226,,4.529329777,4.80479002,4.697929859,5.105249882,4.861094952,4.840539932,4.843719959,,4.602379799,4.725960016,4.831629992,5.108405113,5.242330074,5.108510017,5.141599894,5.015610218,4.915369987,4.75225997,4.995130062,5.256219864,5.413930178,5.122270107,4.944159985,5.175770044,5.175464869,,,
"Hong Kong SAR, China",HKG,"Government expenditure on education, total (% of GDP)",SE.XPD.TOTL.GD.ZS,,,2.368149996,2.295609951,2.183370113,2.360290051,2.449199915,2.4333601,2.21923995,2.322550058,,2.18614006,2.265719891,1.665779948,2.578670025,2.585030079,2.558890104,,,,,2.464060068,,2.829519987,,,,2.725889921,,,,,3.896420002,4.019020081,4.276539803,4.546899796,4.125080109,3.848579884,3.462270021,3.262120008,4.385670185,3.508430004,3.411180019,3.517669916,3.754899979,3.56972003,3.262120008,,
Honduras,HND,"Government expenditure on education, total (% of GDP)",SE.XPD.TOTL.GD.ZS,,,,,,,,,,3.240999937,3.168819904,2.994469881,,,,,,,,,,,,,,3.398360014,3.578749895,,,,,,,,,,,,,,,,,,5.867750168,,,,
Heavily indebted poor countries (HIPC),HPC,"Government expenditure on education, total (% of GDP)",SE.XPD.TOTL.GD.ZS,,,,,,,,,,,,,,,,,,,,,,,,,,,,,,,3.188074946,2.943335056,3.270039916,3.054519892,,3.296990037,3.460134983,3.415194988,,3.540220022,4.039330006,3.936810017,3.89921999,4.071844816,4.525974989,,,,
Croatia,HRV,"Government expenditure on education, total (% of GDP)",SE.XPD.TOTL.GD.ZS,,,,,,,,,,,,,,,,,,,,,,,,,,,,,,,,,,3.803299904,3.873929977,3.818929911,,,3.974940062,4.266270161,4.388800144,4.252699852,4.15279007,,4.581600189,,,,
Haiti,HTI,"Government expenditure on education, total (% of GDP)",SE.XPD.TOTL.GD.ZS,,,,,,,,,,,,,,,,,,,,,,,1.073989987,,,,,,,,,,,,,,,,,,,,,,,,,,
Hungary,HUN,"Government expenditure on education, total (% of GDP)",SE.XPD.TOTL.GD.ZS,,,,,,,,,,,,,,,,,,,,,,,5.895979881,6.09803009,5.933829784,5.85781002,4.861219883,4.348370075,,4.426799774,4.581840038,4.877200127,4.930600166,5.18930006,5.801400185,5.355539799,5.342529774,5.321529865,5.163410187,4.995130062,4.98788023,4.79087019,4.617909908,,4.224279881,4.659349918,,,
IBRD only,IBD,"Government expenditure on education, total (% of GDP)",SE.XPD.TOTL.GD.ZS,,,,,,,,,,,,,,,,,,,,,,,,,,,3.502779961,3.498559952,,,4.213595152,3.853990078,3.769279957,3.803299904,3.873929977,3.566100001,3.843760014,3.880505085,3.668295026,4.099450111,4.460050106,4.216929913,4.356939793,4.386889935,4.570000172,,,,
IDA & IBRD total,IBT,"Government expenditure on education, total (% of GDP)",SE.XPD.TOTL.GD.ZS,,,,,,,,,,,,,,,,,,,,,,,,,,,,,,,3.86512506,3.395259976,3.587075114,3.441160083,3.546000004,3.498280048,3.62687993,3.669569969,3.652970076,3.804270029,4.294109821,4.006750107,4.078820229,4.06137991,4.500510216,,,,
IDA total,IDA,"Government expenditure on education, total (% of GDP)",SE.XPD.TOTL.GD.ZS,,,,,,,,,,,,,,,,,,,,,,,,,,,,,,,3.188074946,2.975460052,3.382329941,3.069339991,,3.296990037,3.519335032,,,3.607715011,4.098309994,3.936810017,3.875399947,4.035984993,3.544830084,,,,
IDA blend,IDB,"Government expenditure on education, total (% of GDP)",SE.XPD.TOTL.GD.ZS,,,,,,,,,,,,,,,,,,,,,,,,,,,,,,,,4.486390114,,,,3.829654932,,,,,,5.079399824,4.967020035,5.965764999,,,,,
Indonesia,IDN,"Government expenditure on education, total (% of GDP)",SE.XPD.TOTL.GD.ZS,,,,2.789730072,,,,,,,,,,,,,,,,,0.872049987,,,,,0.997870028,1.004930019,1.077399969,1.071210027,,,,2.454550028,2.64835,3.223880053,2.743479967,2.87725997,,3.044939995,2.901129961,3.522739887,2.813970089,3.190150023,3.405780077,3.357680082,3.278609991,3.591809988,,
IDA only,IDX,"Government expenditure on education, total (% of GDP)",SE.XPD.TOTL.GD.ZS,,,,,,,,,,,,,,,,,,,,,,,,,,,,,,,3.139854908,2.942970037,3.290499926,3.005850077,,3.21797502,3.526520014,3.50184989,,3.607715011,4.06882,3.736409903,3.804109931,3.885415077,3.513115048,,,,
Isle of Man,IMN,"Government expenditure on education, total (% of GDP)",SE.XPD.TOTL.GD.ZS,,,,,,,,,,,,,,,,,,,,,,,,,,,,,,,,,,,,,,,,,,,,,,,,,
India,IND,"Government expenditure on education, total (% of GDP)",SE.XPD.TOTL.GD.ZS,,,,,,,,,,,,,,,,,,,,,,,,,,,,,3.308470011,3.516340017,4.347439766,4.256840229,,,3.546000004,3.296499968,3.135930061,3.093549967,,,3.310760021,3.424160004,3.838660002,3.865880013,3.84236002,,,,
Not classified,INX,"Government expenditure on education, total (% of GDP)",SE.XPD.TOTL.GD.ZS,,,,,,,,,,,,,,,,,,,,,,,,,,,,,,,,,,,,,,,,,,,,,,,,,
Ireland,IRL,"Government expenditure on education, total (% of GDP)",SE.XPD.TOTL.GD.ZS,,,4.481969833,4.612339973,4.604010105,4.681399822,,4.292250156,5.080289841,5.062600136,5.282899857,5.316949844,5.726349831,5.384200096,5.441160202,5.276480198,5.243179798,5.295969963,5.523349762,5.011199951,4.708360195,4.596020222,4.777939796,5.00067997,5.110499859,5.183579922,4.866809845,4.749269962,,4.291719913,4.137060165,4.151209831,4.090479851,4.104819775,4.192749977,4.490429878,4.527130127,4.545360088,4.717080116,5.437459946,6.138710022,6.064509869,5.78467989,5.736760139,5.324570179,,,,
"Iran, Islamic Rep.",IRN,"Government expenditure on education, total (% of GDP)",SE.XPD.TOTL.GD.ZS,,,2.771840096,2.767210007,2.875299931,2.683779955,2.970210075,,5.416570187,,,,7.13560009,5.80396986,4.194970131,3.812629938,3.463340044,3.571729898,4.142519951,3.684979916,3.997319937,3.778369904,3.742199898,3.6394701,4.312290192,,4.073979855,3.54440999,,,4.21502018,4.030439854,4.072140217,4.486750126,4.378680229,4.290249825,4.202939987,4.420450211,4.736869812,4.060440063,3.994220018,3.866830111,3.656179905,3.222150087,3.15031004,2.954190016,2.928989887,,
Iraq,IRQ,"Government expenditure on education, total (% of GDP)",SE.XPD.TOTL.GD.ZS,,,,,,,,,3.857049942,,,2.423789978,,,,,,,,,3.551500082,,,,,,,,,,,,,,,,,,,,,,,,,,,,
Iceland,ISL,"Government expenditure on education, total (% of GDP)",SE.XPD.TOTL.GD.ZS,,,,,,,,,,,,,,,,,,,,,,4.225259781,,,5.097879887,4.712419987,4.737850189,5.164330006,,6.811039925,6.471049786,6.500710011,6.792930126,7.421790123,7.326409817,7.223869801,7.418310165,7.349410057,7.081950188,7.262750149,7.354400158,7.205570221,7.049630165,7.859789848,7.805850029,,,,
Israel,ISR,"Government expenditure on education, total (% of GDP)",SE.XPD.TOTL.GD.ZS,,,,,6.279809952,6.938710213,7.051569939,7.005330086,7.171390057,7.990270138,8.081700325,8.64013958,7.830699921,7.328360081,7.953969955,7.930890083,8.977970123,6.987380028,6.340660095,5.146689892,6.385789871,6.086790085,6.199260235,6.403699875,6.848659992,7.439109802,,,,6.663410187,6.420820236,6.113520145,6.375999928,6.464809895,6.362909794,5.94645977,5.747429848,5.746660233,5.481170177,5.516839981,5.479949951,5.541079998,5.570270061,5.749650002,5.834909916,5.757269859,,,
Italy,ITA,"Government expenditure on education, total (% of GDP)",SE.XPD.TOTL.GD.ZS,,3.377949953,2.908360004,,,3.847830057,3.72390008,3.93249011,,3.78283,4.186699867,,,,4.507810116,4.790719986,4.710209846,4.674180031,,4.610770226,,,,,4.747560024,4.449969769,4.332870007,4.472760201,,4.445849895,4.53071022,4.296319962,4.664889812,4.433259964,4.55712986,4.392210007,4.24864006,4.533299923,4.117370129,4.408679962,4.544630051,4.3646698,4.137660027,,4.176690102,4.079850197,,,
Jamaica,JAM,"Government expenditure on education, total (% of GDP)",SE.XPD.TOTL.GD.ZS,,,,,3.631439924,4.248970032,5.228789806,5.858329773,6.026519775,,,,,,,,5.391900063,4.603980064,,3.940860033,5.183979988,4.779160023,4.383069992,3.336659908,3.214030027,4.521309853,3.750920057,4.167160034,4.966939926,,,5.01210022,5.41023016,5.425559998,4.252830029,3.909029961,4.613910198,,5.492569923,6.188739777,6.201240063,6.342720032,6.28178978,6.115920067,6.270770073,6.024670124,5.461959839,,
Jordan,JOR,"Government expenditure on education, total (% of GDP)",SE.XPD.TOTL.GD.ZS,,3.63003993,3.297689915,2.387429953,2.486939907,3.557689905,3.763479948,3.533930063,3.679899931,3.681169987,5.081729889,,5.167319775,5.089159966,4.927959919,5.936950207,,3.284379959,3.296570063,4.047570229,5.643869877,,,,,,,7.475989819,6.366079807,,4.945139885,,,,,,,,,,,,,,,,,,
Japan,JPN,"Government expenditure on education, total (% of GDP)",SE.XPD.TOTL.GD.ZS,,,3.716480017,4.079909801,4.111989975,4.124259949,4.739709854,4.939770222,4.92031002,4.989880085,5.137070179,5.162399769,5.159840107,5.119009972,4.903789997,,,,5.666790009,5.669630051,5.473400116,,,,3.478620052,3.667439938,3.462539911,,,3.356920004,3.432499886,3.513819933,3.455140114,3.465399981,3.523600101,3.485780001,3.368400097,3.329930067,3.33017993,3.317209959,,3.635799885,3.645149946,3.695329905,3.665060043,3.591840029,,,
Kazakhstan,KAZ,"Government expenditure on education, total (% of GDP)",SE.XPD.TOTL.GD.ZS,,,,,,,,,,,,,,,,,,,,,,,,,,,4.051189899,3.9119699,4.379039764,,3.885740042,3.256500006,,3.026720047,,2.255959988,2.263700008,2.630320072,2.842400074,2.581890106,3.062099934,,,,,,2.787499905,,
Kenya,KEN,"Government expenditure on education, total (% of GDP)",SE.XPD.TOTL.GD.ZS,,,3.929820061,4.476339817,4.650519848,5.065509796,5.60612011,5.744100094,5.136320114,,,5.387879848,5.923729897,5.678120136,5.438300133,4.580959797,5.199769974,6.002570152,,6.608399868,6.047299862,,6.585199833,6.082139969,6.039919853,5.917129993,,,,,5.322040081,5.186319828,5.205339909,6.17332983,6.465370178,6.807650089,7.360660076,7.028619766,,,,5.515319824,5.334169865,5.503009796,5.413119793,5.274750233,5.273920059,,
Kyrgyz Republic,KGZ,"Government expenditure on education, total (% of GDP)",SE.XPD.TOTL.GD.ZS,,,,,,,,,,,,,,,,,,,,,,,,,,5.588190079,6.156429768,4.902609825,,4.919630051,4.08521986,3.508369923,3.854190111,4.445469856,4.475409985,4.622429848,4.868979931,5.540130138,6.462339878,5.912930012,6.239590168,5.82859993,6.790359974,7.395450115,6.785830021,5.52737999,,,
Cambodia,KHM,"Government expenditure on education, total (% of GDP)",SE.XPD.TOTL.GD.ZS,,,,,,,,,,,,,,,,,,,,,,,,,,,,,,1.261260033,,1.664759994,1.72589004,1.709220052,,1.722900033,,,1.601230025,,1.664010048,1.535349965,1.509789944,1.563150048,2.021759987,1.901970029,,,
Kiribati,KIR,"Government expenditure on education, total (% of GDP)",SE.XPD.TOTL.GD.ZS,,4.793129921,4.266429901,,,3.135109901,,,,,,,,,,,,,,,,,,,,,,,,,10.87100983,11.18587017,11.98812008,,,,,,,,,,,,,,,,
St. Kitts and Nevis,KNA,"Government expenditure on education, total (% of GDP)",SE.XPD.TOTL.GD.ZS,,,,,,,,,,,,,,,,,4.150109768,,2.77331996,,2.286119938,,2.099960089,2.431420088,,,2.694920063,,,4.221960068,3.464190006,4.758550167,4.404029846,3.922559977,3.843770027,4.016910076,3.859910011,4.112500191,4.288869858,,,,,,,,2.784240007,,
South Korea,KOR,"Government expenditure on education, total (% of GDP)",SE.XPD.TOTL.GD.ZS,,3.269759893,3.551189899,3.074990034,2.558619976,,2.0025599,2.622790098,2.315439939,,2.894000053,3.33491993,2.774080038,6.073790073,4.185070038,3.905499935,3.894949913,3.532550097,3.311589956,2.710150003,3.040659904,3.017019987,3.467530012,3.57198,3.699110031,3.04689002,2.976219893,,,3.426929951,3.447710037,,3.898370028,3.792309999,4.131979942,4.115439892,3.900510073,3.967649937,3.964669943,4.482180119,4.676760197,,,4.627540112,,,5.052110195,,
Kuwait,KWT,"Government expenditure on education, total (% of GDP)",SE.XPD.TOTL.GD.ZS,,,3.287339926,2.815749884,3.303689957,3.521600008,2.135540009,3.115080118,3.368669987,4.081850052,3.428560019,2.791019917,2.719140053,3.03350997,5.090270042,5.148880005,5.007619858,5.400839806,,,,,,14.19882965,,,,5.859539986,5.582509995,,,,6.585999966,6.550499916,,5.535150051,4.738249779,3.760010004,,,,,,,,,,,
Latin America & Caribbean (excluding high income),LAC,"Government expenditure on education, total (% of GDP)",SE.XPD.TOTL.GD.ZS,,,,,,,,,,,,,,,,,,,,,,,,,,,3.664834976,,,3.939990044,4.428090096,4.136859894,4.336939812,4.101794958,4.168700218,3.93947494,,4.110429764,4.059380054,4.842039824,5.495210171,4.910160065,4.976039886,5.064865112,5.211164951,5.280174971,,,
Lao PDR,LAO,"Government expenditure on education, total (% of GDP)",SE.XPD.TOTL.GD.ZS,,,,,,,,,,,,,,,,,,,,,,,,2.333420038,,,,2.423700094,2.131360054,,,1.507940054,1.990509987,2.822350025,,2.417759895,2.418050051,2.957190037,3.074919939,2.278680086,1.65395999,1.708829999,1.809960008,1.984640002,3.449429989,3.320110083,,,
Lebanon,LBN,"Government expenditure on education, total (% of GDP)",SE.XPD.TOTL.GD.ZS,,,,,,,,,,,,,,,,,,,,,,,,,1.759320021,1.934559941,2.224730015,2.085910082,,,,,2.842230082,2.550230026,,2.665889978,2.671519995,2.805049896,2.606359959,2.033169985,1.777870059,1.63172996,1.64677,2.19046998,2.571190119,,,,
Liberia,LBR,"Government expenditure on education, total (% of GDP)",SE.XPD.TOTL.GD.ZS,,,,,,,,,,6.994840145,,6.259059906,,,,,,,,,,,,,,,,,,,,,,,,,,,,3.161420107,,,,2.757560015,,,,,
Libya,LBY,"Government expenditure on education, total (% of GDP)",SE.XPD.TOTL.GD.ZS,,,,,,,,,,,,,,,,,,,,,,,,,,,,,,,2.264169931,,,,,,,,,,,,,,,,,,
St. Lucia,LCA,"Government expenditure on education, total (% of GDP)",SE.XPD.TOTL.GD.ZS,,,,,,,,,,,,,,7.071889877,,,,6.256559849,,,,,,,,9.007889748,,,,7.377810001,7.254849911,,6.862110138,,4.308119774,4.115099907,5.084690094,5.54279995,,5.206659794,3.715409994,4.133379936,4.295730114,4.03042984,4.770219803,4.901659966,4.89715004,,
Latin America & Caribbean,LCN,"Government expenditure on education, total (% of GDP)",SE.XPD.TOTL.GD.ZS,,,,,,,,,,,,,,,,,,,,,,,,,,3.451174974,3.558549881,,,3.481425047,3.844510078,3.825829983,4.1755898,4.009809971,3.902225018,3.743844986,,3.892280102,3.841855049,4.841169834,5.468530178,4.825489998,4.726890087,4.95539999,5.211164951,,,,
Least developed countries: UN classification,LDC,"Government expenditure on education, total (% of GDP)",SE.XPD.TOTL.GD.ZS,,,,,,,,,,,,,,,,,,,,,,,,,,,,,,,3.131069899,2.887429953,3.244839907,2.977900028,,3.148969889,3.378404975,,,3.540220022,3.545750022,3.613649964,3.439140081,3.480779886,3.468610048,,,,
Low income,LIC,"Government expenditure on education, total (% of GDP)",SE.XPD.TOTL.GD.ZS,,,,,,,,,,,,,,,,,,,,,,,,,,,,,,,3.148639917,2.975460052,3.270039916,,,3.384250045,3.526520014,,,3.594915032,4.039330006,3.663545012,3.804109931,4.053939819,3.544830084,3.981300116,,,
Liechtenstein,LIE,"Government expenditure on education, total (% of GDP)",SE.XPD.TOTL.GD.ZS,,,,,,,,,,,,,,,,,,,,,,,,,,,,,,,,,,,2.46013999,2.433330059,,2.053809881,1.921190023,2.048369884,,,2.556040049,,,,,,
Sri Lanka,LKA,"Government expenditure on education, total (% of GDP)",SE.XPD.TOTL.GD.ZS,,,,,3.316400051,,2.74454999,,,,2.567430019,2.704169989,2.442209959,2.558500051,2.382790089,2.161689997,2.582099915,2.812849998,2.64060998,2.826129913,2.753969908,2.409320116,2.918279886,,,3.10897994,2.956589937,3.34416008,,3.045389891,,,,,,,,,,,2.053900003,1.718719959,1.808380008,1.496600032,1.621430039,1.925660014,2.179120064,,
Lower middle income,LMC,"Government expenditure on education, total (% of GDP)",SE.XPD.TOTL.GD.ZS,,,,,,,,,,,,,,,,,,,,,,,,,,,,,,,4.094490051,3.134955049,3.762460113,3.135164976,3.546000004,3.296499968,3.129505038,3.24851501,,3.758729935,4.098309994,4.006750107,3.628075004,3.405780077,,,,,
Low & middle income,LMY,"Government expenditure on education, total (% of GDP)",SE.XPD.TOTL.GD.ZS,,,,,,,,,,,,,,,,,,,,,,,,,,,,,,,3.913570046,3.503329992,3.685510039,3.394880056,3.613415003,3.529760003,3.636250019,3.825299978,3.668295026,3.857390046,4.318264961,3.936810017,3.89921999,4.035984993,4.095420122,,,,
Lesotho,LSO,"Government expenditure on education, total (% of GDP)",SE.XPD.TOTL.GD.ZS,,,4.641550064,4.526509762,4.866559982,4.234240055,,,,,,,,,10.09694004,6.428410053,7.088580132,,,7.216639996,6.202280045,,,,8.577030182,7.025430202,8.64097023,,11.36400986,,12.49934959,10.09154987,9.365050316,10.10044956,13.21957016,11.10900974,12.07966995,11.27128029,,11.36114025,,,,,,,,,
Late-demographic dividend,LTE,"Government expenditure on education, total (% of GDP)",SE.XPD.TOTL.GD.ZS,,,,,,,,,,,,,,,,,,,,,,,,,,,3.760440111,3.914034963,,4.112339973,4.137060165,3.853990078,3.898090005,4.057314873,4.204979897,4.076200008,3.940870047,3.86403501,4.374780178,4.715069771,4.783109903,4.897284985,4.599870205,4.566459894,4.918775082,,,,
Lithuania,LTU,"Government expenditure on education, total (% of GDP)",SE.XPD.TOTL.GD.ZS,,,,,,,,,,,,,,,,,,,,,,,,,,,4.764920235,4.843719959,5.449550152,6.116010189,,,5.840380192,5.79253006,5.108510017,5.169159889,4.873189926,4.820549965,4.590549946,4.83453989,5.577410221,5.299029827,5.122270107,4.768789768,4.612500191,,,,
Luxembourg,LUX,"Government expenditure on education, total (% of GDP)",SE.XPD.TOTL.GD.ZS,,2.228199959,2.765619993,2.654949903,2.724250078,,3.315799952,3.50138998,3.578089952,4.203400135,4.264860153,4.409420013,4.541130066,5.110360146,3.215679884,,,3.671099901,3.955120087,3.888560057,3.751070023,,,,,,3.544460058,3.341579914,,,,,3.593019962,,,,,,,,,,,4.140910149,,4.083879948,,,
Latvia,LVA,"Government expenditure on education, total (% of GDP)",SE.XPD.TOTL.GD.ZS,,,,,,,,,,,,,,,,,,,,,,,,,,,,5.262159824,5.514689922,5.800670147,5.539820194,5.288290024,5.454889774,5.60875988,5.067289829,4.855050087,,4.711550236,4.656219959,5.405379772,5.573530197,5.080979824,4.945139885,6.60559988,6.989290237,5.285240173,,,
"Macao SAR, China",MAC,"Government expenditure on education, total (% of GDP)",SE.XPD.TOTL.GD.ZS,,,,,,,,,,,,,,,,,,,,,,,,,,,,,,3.681090117,3.692310095,3.679620028,2.734009981,2.861989975,2.797650099,2.245660067,2.290640116,2.212709904,2.059859991,2.204760075,2.55343008,2.630089998,2.688359976,3.335599899,2.049190044,2.02779007,,,
St. Martin (French part),MAF,"Government expenditure on education, total (% of GDP)",SE.XPD.TOTL.GD.ZS,,,,,,,,,,,,,,,,,,,,,,,,,,,,,,,,,,,,,,,,,,,,,,,,,
Morocco,MAR,"Government expenditure on education, total (% of GDP)",SE.XPD.TOTL.GD.ZS,,,,,4.671689987,4.275489807,5.212709904,6.027120113,6.084249973,6.20182991,6.315480232,5.104859829,5.689260006,6.097559929,6.151720047,5.174809933,5.097350121,5.264969826,5.160439968,4.578199863,4.765019894,4.506020069,4.304629803,,4.830949783,,4.739339828,,,5.109469891,5.142389774,,,,,,,,,5.341849804,5.264039993,,,,,,,,
Monaco,MCO,"Government expenditure on education, total (% of GDP)",SE.XPD.TOTL.GD.ZS,,,,,,,,,,,,,,,,,,,,0.881030023,0.957520008,,,0.913600028,,,1.06456995,1.082239985,1.212419987,1.208829999,1.195279956,1.255360007,,,,1.243860006,,,,,1.328770041,1.320219994,1.591420054,1.780040026,1.334400058,1.021950006,,,
Moldova,MDA,"Government expenditure on education, total (% of GDP)",SE.XPD.TOTL.GD.ZS,,,,,,,,,,,,,,,,,,,,,,,,,,,,9.89659977,,,4.662549973,4.486390114,4.84691,5.497910023,5.424900055,6.771090031,7.162730217,7.498929977,8.293430328,8.237330437,9.509759903,9.112110138,8.559700012,8.348959923,,7.467840195,,,
Madagascar,MDG,"Government expenditure on education, total (% of GDP)",SE.XPD.TOTL.GD.ZS,,,,3.217370033,2.711149931,2.673759937,2.516680002,3.263459921,5.049930096,,3.979899883,4.315289974,3.819950104,3.146120071,2.657210112,2.929389954,2.753690004,,,,,,,,2.140530109,,,,1.849760056,1.870079994,2.768739939,2.910480022,3.249579906,2.715470076,3.03888011,3.262520075,3.84581995,3.287169933,3.360039949,2.906949997,3.182509899,,2.785830021,2.728859901,2.082040071,,,,
Maldives,MDV,"Government expenditure on education, total (% of GDP)",SE.XPD.TOTL.GD.ZS,,,,,,,,,,,,,,,,,,,,,,,,,,,,,,,,,,5.70389986,5.368549824,4.756939888,5.211979866,4.961820126,4.72755003,4.812849998,6.301670074,4.586699963,3.971519947,4.309669971,4.479700089,4.146959782,5.223509789,,
Middle East & North Africa,MEA,"Government expenditure on education, total (% of GDP)",SE.XPD.TOTL.GD.ZS,,,,,,,3.934509993,,4.975500107,,,4.840194941,5.27562499,5.304150105,5.549990177,5.727200031,,5.400839806,,,4.311825037,,,,4.571619987,,,4.671569824,,,,,6.20182991,,,5.358329773,,4.210145116,,4.474750042,,,,,,,,,
Mexico,MEX,"Government expenditure on education, total (% of GDP)",SE.XPD.TOTL.GD.ZS,,,,,,,,,,,,,,,,,,,,,2.265300035,2.311769962,2.537770033,2.988889933,,3.650000095,3.862080097,,,3.526679993,3.662019968,4.136859894,4.428579807,4.638790131,5.183790207,4.801970005,4.908649921,4.75853014,4.733339787,4.841169834,5.214849949,5.184969902,5.128580093,5.174330235,4.747729778,5.3134799,,,
Marshall Islands,MHL,"Government expenditure on education, total (% of GDP)",SE.XPD.TOTL.GD.ZS,,,,,,,,,,,,,,,,,,,,,,,,,,,,,,,14.53903961,,,8.669870377,12.23999023,,,,,,,,,,,,,,
Middle income,MIC,"Government expenditure on education, total (% of GDP)",SE.XPD.TOTL.GD.ZS,,,,,,,,,,,,,,,,,,,,,,,,,,,,,,,4.110370159,3.821570039,3.843255043,3.803299904,3.958899975,3.566100001,3.89231503,3.902160048,3.668295026,4.152120113,4.398449898,4.485489845,4.129519939,4.018030167,4.12887001,,,,
"Macedonia, FYR",MKD,"Government expenditure on education, total (% of GDP)",SE.XPD.TOTL.GD.ZS,,,,,,,,,,,,,,,,,,,,,,,,4.979109764,4.870729923,4.774300098,4.480040073,4.537650108,,,,,,3.294810057,,,,,,,,,,,,,,,
Mali,MLI,"Government expenditure on education, total (% of GDP)",SE.XPD.TOTL.GD.ZS,,,,,,,,,,3.558429956,,3.468669891,3.449480057,3.280940056,,,,2.436939955,,,,,,,,,,,,2.654010057,2.229389906,2.97619009,2.658659935,2.89741993,3.810719967,3.854180098,3.526520014,,,3.417520046,3.87067008,3.343219995,3.756639957,3.480779886,3.393909931,3.739289999,,,
Malta,MLT,"Government expenditure on education, total (% of GDP)",SE.XPD.TOTL.GD.ZS,,,6.15196991,5.549990177,5.26970005,4.493100166,4.422210217,3.831890106,3.897609949,3.348829985,3.153640032,,2.865329981,2.854079962,3.314690113,3.078720093,3.248339891,3.105720043,3.16531992,3.338239908,3.58874011,3.831419945,3.920300007,4.314099789,,,,,,4.277430058,,,,3.949239969,,4.460760117,,,5.981349945,5.570610046,5.170370102,6.454889774,7.75177002,6.482480049,7.848999977,,,,
Myanmar,MMR,"Government expenditure on education, total (% of GDP)",SE.XPD.TOTL.GD.ZS,,,,2.865099907,3.27380991,,1.987390041,1.726189971,1.637820005,1.643659949,,,,,,,,,,,,,,,,,1.201900005,,,,,,,,,,,,,,,,,,,,,,
Middle East & North Africa (excluding high income),MNA,"Government expenditure on education, total (% of GDP)",SE.XPD.TOTL.GD.ZS,,,,,,,,,4.975500107,,,4.840194941,,5.554059982,,,,,,,4.311825037,,,,,,,4.184929967,,,,,,,,,,,,4.474750042,,,,,,,,,
Montenegro,MNE,"Government expenditure on education, total (% of GDP)",SE.XPD.TOTL.GD.ZS,,,,,,,,,,,,,,,,,,,,,,,,,,,,,,,,,,,,,,,,,,,,,,,,,
Mongolia,MNG,"Government expenditure on education, total (% of GDP)",SE.XPD.TOTL.GD.ZS,,,,,,,,,,,,,,,,,,,,,,,,,,,,,3.948659897,5.495699883,5.148190022,5.56885004,,7.213610172,,4.327849865,,,4.68696022,,5.145339966,4.643479824,4.599870205,,,,,,
Northern Mariana Islands,MNP,"Government expenditure on education, total (% of GDP)",SE.XPD.TOTL.GD.ZS,,,,,,,,,,,,,,,,,,,,,,,,,,,,,,,,,,,,,,,,,,,,,,,,,
Mozambique,MOZ,"Government expenditure on education, total (% of GDP)",SE.XPD.TOTL.GD.ZS,,,,,,,,,,,,,,,,,,,,,,,,,,,,,,2.051939964,3.131069899,,,,,3.722460032,4.433110237,4.27696991,,,,,,6.077219963,6.4832201,,,,
Mauritania,MRT,"Government expenditure on education, total (% of GDP)",SE.XPD.TOTL.GD.ZS,,,,,,,,,,,,,,,,,,,,,,,,,,,,,2.342519999,,2.428809881,,2.841020107,3.054519892,3.104510069,2.516160011,,2.52376008,,3.55302,,3.594579935,3.057100058,2.778830051,2.930119991,,,,
Mauritius,MUS,"Government expenditure on education, total (% of GDP)",SE.XPD.TOTL.GD.ZS,,,,,,,,,4.422319889,5.542679787,,,5.032839775,4.584519863,4.435100079,4.069719791,3.946510077,3.469000101,3.044569969,3.118350029,3.500960112,3.157079935,3.509890079,,,,,,,,3.941400051,3.817960024,3.177419901,3.116359949,4.479300022,4.458409786,4.191929817,3.825299978,3.183540106,3.065609932,3.050040007,3.550970078,3.32852006,3.414730072,3.619649887,4.917729855,4.885389805,,
Malawi,MWI,"Government expenditure on education, total (% of GDP)",SE.XPD.TOTL.GD.ZS,,,4.404789925,3.383399963,3.33149004,3.087090015,2.703789949,2.422310114,,,,,,,,,,3.19866991,3.525079966,3.171439886,3.176350117,3.270539999,,,,,4.008850098,5.381259918,,,4.994909763,5.247970104,4.500959873,,3.216449976,,,,,,,3.539730072,4.14207983,,5.422420025,4.842539787,5.607989788,,
Malaysia,MYS,"Government expenditure on education, total (% of GDP)",SE.XPD.TOTL.GD.ZS,,,4.550940037,,,,,,,,5.087609768,5.72619009,6.696969986,7.03278017,,5.66629982,6.11111021,7.243360043,6.326000214,,,,,5.100659847,4.659880161,4.71641016,4.351799965,4.908659935,4.61702013,,5.682330132,5.978330135,7.475550175,7.66218996,7.498740196,5.924489975,,4.484139919,4.374780178,3.958260059,5.972980022,4.969079971,5.761250019,5.74052,5.473760128,5.195930004,4.966360092,,
North America,NAC,"Government expenditure on education, total (% of GDP)",SE.XPD.TOTL.GD.ZS,,,7.710189819,7.634059906,7.033770084,6.706729889,6.438020229,6.714310169,6.723080158,7.099229813,6.725389957,6.478630066,6.434430122,6.521289825,6.876399994,6.639150143,6.216149807,5.314180136,6.329889774,5.426485062,5.450370073,5.403339863,5.891499996,6.773389816,7.704470158,5.774844885,5.630594969,,,5.163175106,5.200675011,5.466259956,5.215059996,5.215139866,5.554140091,5.31415987,4.924849987,5.386229992,5.008639812,4.972030163,5.058729887,5.393995047,5.246360064,5.200870037,4.930130005,5.38078022,,,
Namibia,NAM,"Government expenditure on education, total (% of GDP)",SE.XPD.TOTL.GD.ZS,,,,,,,,,,,,,,,,,,,,,,,,,,,,,,,7.217549801,6.991390228,6.912819862,6.762390137,6.115109921,,,6.037819862,,6.483980179,,8.349610329,,,,,,,
New Caledonia,NCL,"Government expenditure on education, total (% of GDP)",SE.XPD.TOTL.GD.ZS,,,,,,,,,,,,,,,,,,,,,,,,,,,,,,,,,,,,,,,,,,,,,,,,,
Niger,NER,"Government expenditure on education, total (% of GDP)",SE.XPD.TOTL.GD.ZS,,,1.052160025,,,,,,,,,,,,,,,,,,,2.93881011,3.256769896,3.237360001,2.838000059,2.808290005,2.851540089,2.586960077,,,3.235399961,3.19046998,2.859230042,3.069339991,2.397840023,,,3.328540087,4.014540195,3.662410021,4.52327013,3.736409903,4.213119984,4.332789898,4.916200161,6.709410191,,,
Nigeria,NGA,"Government expenditure on education, total (% of GDP)",SE.XPD.TOTL.GD.ZS,,,,,,3.210170031,3.063689947,,,,,,,,,,,,,,,,,,,,,,,,,,,,,,,,,,,,,,,,,,
Nicaragua,NIC,"Government expenditure on education, total (% of GDP)",SE.XPD.TOTL.GD.ZS,,2.038589954,2.492029905,,,,,,,,2.822779894,3.262409925,,3.792680025,,5.978899956,,,5.351749897,,,,,2.984970093,,,,,,2.225850105,2.923650026,3.001600027,,2.391010046,2.422009945,,,,,,,4.485489845,,,,,,,
Netherlands,NLD,"Government expenditure on education, total (% of GDP)",SE.XPD.TOTL.GD.ZS,,6.301579952,6.410009861,6.400179863,5.918479919,6.422070026,6.430140018,6.409200191,6.246930122,6.267270088,6.186910152,5.962769985,5.838880062,5.755839825,5.577330112,5.152490139,5.54460001,5.645440102,5.98416996,5.540030003,,5.289850235,5.234200001,,4.820869923,4.72548008,4.642940044,4.541969776,,4.602379799,4.555429935,4.626130104,4.747739792,4.86548996,5.098179817,5.114039898,5.155099869,5.092339993,4.936019897,5.093570232,5.491700172,5.551509857,5.525559902,5.477039814,5.589719772,5.529379845,,,
Norway,NOR,"Government expenditure on education, total (% of GDP)",SE.XPD.TOTL.GD.ZS,,,,5.922810078,5.888460159,5.688000202,5.545350075,6.167349815,5.971950054,6.441390038,,5.785220146,5.543839931,5.683420181,5.642000198,5.434579849,5.259429932,5.539000034,5.786930084,5.8667202,6.296609879,6.30919981,6.373919964,6.636899948,7.680230141,7.832550049,7.696780205,7.169809818,7.312019825,7.380949974,6.942830086,6.455629826,6.849490166,7.442180157,7.418029785,7.310649872,6.865029812,6.372179985,6.534880161,6.278210163,7.098929882,6.750189781,6.460730076,7.359930038,7.373290062,,,,
Nepal,NPL,"Government expenditure on education, total (% of GDP)",SE.XPD.TOTL.GD.ZS,,,,,,,,,,,,,,,,,,,,,,,,,,,,,,2.88786006,2.891819954,2.975460052,3.713150024,3.149399996,3.117360115,3.173429966,3.363059998,3.607889891,3.517659903,3.804270029,4.661809921,3.632719994,3.851579905,3.752799988,3.468610048,3.981300116,3.71216011,,
Nauru,NRU,"Government expenditure on education, total (% of GDP)",SE.XPD.TOTL.GD.ZS,,,,,,,,,,,,,,,,,,,,,,,,,,,,,,,,,,,,,,,,,,,,,,,,,
New Zealand,NZL,"Government expenditure on education, total (% of GDP)",SE.XPD.TOTL.GD.ZS,,,,,4.753230095,4.746799946,5.168039799,5.454740047,4.452950001,4.53278017,4.467870235,4.232470036,4.44054985,4.532700062,,4.045780182,3.546230078,3.430249929,3.917330027,4.42592001,4.818309784,,,,,5.925980091,5.742129803,6.390100002,6.146369934,,6.625420094,,6.551690102,6.392680168,6.44615984,6.489659786,6.261099815,5.950459957,5.919789791,5.501820087,6.268509865,7.011469841,6.951379776,7.160769939,6.685850143,6.336800098,6.368889809,,
OECD members,OED,"Government expenditure on education, total (% of GDP)",SE.XPD.TOTL.GD.ZS,,,,,,4.667190075,5.140339851,5.224450111,,5.02624011,5.050330162,5.162399769,5.207940102,5.236005068,4.903789997,,,4.750570059,4.838229895,4.677619934,4.747529984,4.596020222,4.80479002,4.849304914,5.099999905,4.861094952,4.850879908,5.074710131,,4.525964975,4.602260113,4.877200127,5.108405113,5.242330074,5.289304972,5.08433485,5.061495066,5.013394833,4.858550072,5.025080204,5.368084908,5.477035046,5.170040131,5.174330235,5.286035061,5.285240173,,,
Oman,OMN,"Government expenditure on education, total (% of GDP)",SE.XPD.TOTL.GD.ZS,,,,,,,,,,,,,,,,,,3.79282999,3.656260014,3.389889956,2.978240013,2.838920116,2.987940073,3.122580051,3.508219957,3.444489956,3.413259983,3.184520006,3.356800079,4.112339973,4.005949974,3.200239897,4.020309925,4.325069904,3.896970034,4.028379917,3.51722002,3.859339952,,,4.187749863,,,,4.960380077,,,,
Other small states,OSS,"Government expenditure on education, total (% of GDP)",SE.XPD.TOTL.GD.ZS,,,4.641550064,4.526509762,4.866559982,4.234240055,,,,,,,,,5.552269936,5.551660061,5.650720119,,,6.151110172,,,,,,,,,,,5.172199965,5.340209961,5.084235191,4.981114864,5.608784914,5.190374851,6.196000099,6.037819862,3.183540106,6.000745058,6.266165018,5.03324008,4.016170025,3.460229993,3.619649887,5.199684858,,,
Pakistan,PAK,"Government expenditure on education, total (% of GDP)",SE.XPD.TOTL.GD.ZS,,,1.654289961,1.578259945,1.851250052,1.898059964,2.008559942,2.221610069,2.123189926,2.200479984,2.20223999,2.130019903,1.965559959,2.015089989,1.996749997,2.072050095,2.434289932,2.679029942,2.974760056,,2.365190029,2.515969992,2.566590071,2.551179886,2.389169931,2.611949921,2.818779945,2.804440022,3.022550106,,2.609200001,1.836799979,,,,1.94667995,2.254590034,2.626290083,2.634040117,2.746170044,2.600009918,2.286819935,2.216830015,2.133529902,2.499239922,2.464349985,2.64673996,,
Panama,PAN,"Government expenditure on education, total (% of GDP)",SE.XPD.TOTL.GD.ZS,,4.043280125,3.353919983,3.982820034,3.48574996,3.8197999,4.154510021,4.312729836,4.280960083,3.605979919,3.642549992,3.535670042,3.431799889,3.41850996,3.550909996,3.468709946,3.521460056,3.34574008,3.870120049,,,,,,,3.470540047,3.947809935,4.09431982,3.847110033,,4.567230225,4.759689808,4.105879784,4.1916399,4.168700218,3.578660011,,,,3.592789888,,,3.18772006,,,,,,
Peru,PER,"Government expenditure on education, total (% of GDP)",SE.XPD.TOTL.GD.ZS,,,,,3.391720057,,,,,,,,,,,,,,,,,,,,,,,3.109760046,,3.269850016,3.438489914,3.220609903,3.029269934,2.816060066,2.942660093,2.957030058,2.836189985,2.655289888,2.62687993,2.865459919,3.139450073,2.865819931,2.663779974,2.923510075,3.29460001,3.689779997,3.978650093,,
Philippines,PHL,"Government expenditure on education, total (% of GDP)",SE.XPD.TOTL.GD.ZS,,,,,,,,,,,,1.715960026,,2.076090097,1.686419964,,,1.72589004,,,,,,,,,3.035809994,3.365849972,3.51244998,3.818059921,,3.26831007,3.025690079,2.995899916,3.04343009,2.568190098,2.425329924,2.534280062,2.596369982,2.693300009,2.651679993,,,,,,,,
Palau,PLW,"Government expenditure on education, total (% of GDP)",SE.XPD.TOTL.GD.ZS,,,,,,,,,,,,,,,,,,,,,,,,,,,,,,,,7.856729984,7.55824995,7.507490158,,,,,,,,,,,,,,,
Papua New Guinea,PNG,"Government expenditure on education, total (% of GDP)",SE.XPD.TOTL.GD.ZS,,,,5.247159958,,,,,7.389709949,,,,,,,,,,,,,,,,,,,,,,,,,,,,,,,,,,,,,,,,
Poland,POL,"Government expenditure on education, total (% of GDP)",SE.XPD.TOTL.GD.ZS,,,,,,,,,,,,,,,,,,,,,,,3.891449928,4.174650192,4.189370155,,4.331009865,6.270410061,,4.951010227,4.602260113,4.993830204,5.32957983,5.395420074,5.331739902,5.356100082,5.428659916,5.204880238,4.858550072,5.025080204,4.997139931,5.052000046,4.810369968,4.810110092,4.930870056,4.91174984,,,
Pre-demographic dividend,PRE,"Government expenditure on education, total (% of GDP)",SE.XPD.TOTL.GD.ZS,,,,,,,,,,,,,,,,,,,,,,,,,,,,,,,3.148639917,2.767244935,3.240099907,3.054519892,,3.296990037,3.393749952,,,3.429579973,,3.694370031,3.597890019,3.767359853,3.513115048,,,,
Puerto Rico,PRI,"Government expenditure on education, total (% of GDP)",SE.XPD.TOTL.GD.ZS,,,7.250520229,7.214580059,6.479929924,7.286900043,6.229740143,7.140490055,6.387569904,6.681029797,,,,,,,,,,,,,,,,,,,,,,,,,,,,,,,,,,,6.390769958,,,,
"Korea, Dem. People’s Rep.",PRK,"Government expenditure on education, total (% of GDP)",SE.XPD.TOTL.GD.ZS,,,,,,,,,,,,,,,,,,,,,,,,,,,,,,,,,,,,,,,,,,,,,,,,,
Portugal,PRT,"Government expenditure on education, total (% of GDP)",SE.XPD.TOTL.GD.ZS,,,,,1.633749962,1.935170054,3.062160015,3.078429937,,2.900190115,2.699039936,3.067130089,3.185440063,3.328769922,3.232490063,3.142230034,3.262170076,3.048949957,3.157670021,3.387190104,3.474900007,3.569370031,4.070930004,4.337039948,4.840469837,4.670839787,4.612860203,5.06512022,,,5.030179977,5.180570126,5.328299999,5.242330074,5.283989906,5.054629803,5.059679985,4.915369987,4.935070038,4.698790073,5.57638979,5.400790215,5.126130104,4.958119869,5.286230087,5.125589848,,,
Paraguay,PRY,"Government expenditure on education, total (% of GDP)",SE.XPD.TOTL.GD.ZS,,2.281100035,2.471970081,,,,,,,,,,,,,,1.541370034,,,,,1.062669992,,,,,,,,4.309030056,4.451049805,4.566569805,4.245299816,3.872349977,3.951509953,3.438019991,,,3.547379971,,,3.769020081,4.976039886,4.95539999,,,,,
West Bank and Gaza,PSE,"Government expenditure on education, total (% of GDP)",SE.XPD.TOTL.GD.ZS,,,,,,,,,,,,,,,,,,,,,,,,,,,,,,,,,,,,,,,,,,1.803069949,1.593780041,1.331120014,1.468510032,,1.322319984,,
Pacific island small states,PSS,"Government expenditure on education, total (% of GDP)",SE.XPD.TOTL.GD.ZS,,,,,,,,,,,,,,,,,,,,,,,,,,,,,,,,,,,,,,,,,,,,,,,,,
Post-demographic dividend,PST,"Government expenditure on education, total (% of GDP)",SE.XPD.TOTL.GD.ZS,,,,,,,5.029500008,4.939770222,,,,5.049180031,4.829939842,5.119009972,,,,4.688360214,4.601840019,4.568490028,,4.529329777,5.119339943,,5.249650002,4.97217989,4.861219883,4.843719959,,4.525964975,4.8959198,4.884925127,4.971220016,5.242330074,5.332919836,5.310060024,5.109205008,5.092339993,4.936019897,4.926339865,5.213944912,5.425839901,5.126130104,5.088674784,5.231334925,5.22533989,,,
French Polynesia,PYF,"Government expenditure on education, total (% of GDP)",SE.XPD.TOTL.GD.ZS,,,,,,,,,,,,,,,,,,,,,,,,,,,,,,,,,,,,,,,,,,,,,,,,,
Qatar,QAT,"Government expenditure on education, total (% of GDP)",SE.XPD.TOTL.GD.ZS,,,3.000279903,2.691440105,2.867830038,,,1.746970057,1.970059991,2.77696991,,,,,,,,,,,,,,,,,,,,3.577670097,4.345300198,3.725980043,3.200190067,3.846560001,3.373939991,3.462589979,3.955169916,2.706389904,2.450160027,4.229770184,3.409759998,4.539480209,4.016170025,3.505729914,4.074289799,3.607189894,,,
Romania,ROU,"Government expenditure on education, total (% of GDP)",SE.XPD.TOTL.GD.ZS,,,,,,,,,,,,,,,,,,,,,,,,,,,,3.219779968,,,,2.85442996,3.249439955,3.487440109,3.417840004,3.255369902,3.462510109,,4.22589016,,4.157939911,3.457720041,3.028270006,2.947860003,,3.129179955,,,
Russia,RUS,"Government expenditure on education, total (% of GDP)",SE.XPD.TOTL.GD.ZS,,,,,,,,,,,,,,,,,,,,,,,,,,,,,,,,2.938040018,3.107270002,3.845849991,3.680830002,3.553539991,3.773639917,3.868730068,,4.099450111,,,,3.861330032,,,,,
Rwanda,RWA,"Government expenditure on education, total (% of GDP)",SE.XPD.TOTL.GD.ZS,,,,,,,,,2.150209904,2.232470036,2.441279888,2.666079998,4.380119801,,,,,,3.514620066,3.33769989,3.741970062,,,,,,,,,,4.578420162,4.095709801,5.665090084,,,,,,4.286089897,3.786329985,,4.945189953,4.715559959,4.746069908,5.022280216,,3.797460079,3.617340088,
South Asia,SAS,"Government expenditure on education, total (% of GDP)",SE.XPD.TOTL.GD.ZS,,,,,1.851250052,,2.008559942,,,,1.968109965,1.983204961,1.934994996,1.873539984,1.996749997,2.072050095,2.434289932,2.679029942,2.64060998,,,2.409320116,2.566590071,,,,,,3.022550106,3.045389891,2.750509977,2.548155069,,,3.117360115,2.560054958,3.135930061,2.859920025,2.634040117,2.746170044,2.600009918,3.424160004,2.827985048,2.351320028,2.983924985,3.122315049,2.982139945,,
Saudi Arabia,SAU,"Government expenditure on education, total (% of GDP)",SE.XPD.TOTL.GD.ZS,,,,,,,,,,,,,3.892960072,4.144989967,5.981770039,6.113510132,,6.260640144,,,,,5.826089859,5.17784977,6.039219856,6.381820202,5.729030132,4.969850063,4.402100086,8.332909584,7.100830078,5.940589905,7.769680023,7.680339813,7.142859936,6.279300213,5.434329987,5.897399902,,5.135809898,,,,,,,,,
Sudan,SDN,"Government expenditure on education, total (% of GDP)",SE.XPD.TOTL.GD.ZS,,,,,,,,,,,,,,,,,,,,,,,,,,,,,,,,1.012179971,,1.426440001,,1.629899979,1.563070059,1.963019967,,2.200880051,2.224590063,,,,,,,,
Senegal,SEN,"Government expenditure on education, total (% of GDP)",SE.XPD.TOTL.GD.ZS,,,,,,,,,,,,,,,,,,,,,,,,,,,,,,3.197779894,3.148639917,3.159159899,3.290499926,3.389780045,3.506269932,3.857310057,5.139959812,4.775790215,,5.051849842,6.19644022,6.503210068,6.079870224,5.941170216,7.268780231,7.39620018,,,
Singapore,SGP,"Government expenditure on education, total (% of GDP)",SE.XPD.TOTL.GD.ZS,,,3.111500025,2.869839907,2.490230083,2.390110016,2.441720009,2.692529917,2.451050043,2.291359901,2.249660015,2.560300112,2.584280014,3.268549919,3.94904995,,,,,3.65583992,,,,,,,,,,,,3.327049971,3.556060076,3.900000095,3.998790026,3.676919937,3.219690084,2.86887002,2.961280107,2.781919956,3.031620026,3.106790066,3.077640057,3.118499994,2.915790081,,,,
Solomon Islands,SLB,"Government expenditure on education, total (% of GDP)",SE.XPD.TOTL.GD.ZS,,,3.400000095,,,,,,,,,,,,,,,,,,,,2.753819942,,,,,,,2.248709917,,,,,,,,,9.87994957,8.7999897,8.973259926,10.00107956,,,,,,,
Sierra Leone,SLE,"Government expenditure on education, total (% of GDP)",SE.XPD.TOTL.GD.ZS,,,,,,,,,,,,,,,,,,,,,,,,,,,,,,,,4.950530052,3.474159956,3.587229967,3.294780016,3.141599894,2.838190079,,2.559900045,2.413189888,2.737950087,2.552710056,2.668410063,2.87473011,2.381759882,2.66166997,,,
El Salvador,SLV,"Government expenditure on education, total (% of GDP)",SE.XPD.TOTL.GD.ZS,,,,,,,0.904510021,,,,,,,,,,,,,,,,,,,,,,,2.319920063,2.319920063,2.54708004,,2.870539904,2.759089947,,2.732460022,3.012680054,3.054470062,3.741660118,3.969540119,3.486680031,3.417490005,3.334009886,3.433069944,3.448570013,3.545059919,,
San Marino,SMR,"Government expenditure on education, total (% of GDP)",SE.XPD.TOTL.GD.ZS,,,,,,,3.917670012,,,,,,4.015900135,4.10258007,,3.059149981,,,,,,3.204489946,3.503560066,3.925329924,3.816469908,3.610709906,3.374639988,3.369019985,,,,,,,,,,,,,,2.309370041,2.383729935,,,,,,
Somalia,SOM,"Government expenditure on education, total (% of GDP)",SE.XPD.TOTL.GD.ZS,,,,1.184689999,1.277279973,,,,,,,,,,,,,,,,,,,,,,,,,,,,,,,,,,,,,,,,,,,,
Serbia,SRB,"Government expenditure on education, total (% of GDP)",SE.XPD.TOTL.GD.ZS,,,,,,,,,,,,,,,,,,,,,,,,,,,,,,,,,,,,,,,4.501480103,4.715069771,4.751979828,4.582379818,4.489769936,4.431819916,,4.178609848,,,
Sub-Saharan Africa (excluding high income),SSA,"Government expenditure on education, total (% of GDP)",SE.XPD.TOTL.GD.ZS,,,,,,,,,,,,,,,,,,,,,,,,,,,,,,,3.420449972,3.174814939,3.474159956,3.215810061,,3.633330107,3.636250019,3.747434974,,3.607715011,4.082415104,3.83660996,3.89921999,4.089749813,4.500510216,,,,
South Sudan,SSD,"Government expenditure on education, total (% of GDP)",SE.XPD.TOTL.GD.ZS,,,,,,,,,,,,,,,,,,,,,,,,,,,,,,,,,,,,,,,,,,,0.805209994,,1.178900003,1.712970018,1.540609956,1.810940027,
Sub-Saharan Africa,SSF,"Government expenditure on education, total (% of GDP)",SE.XPD.TOTL.GD.ZS,,,,,,,,,,,,,,,,,,,,,,,,,,,,,,,3.420449972,3.174814939,3.474159956,3.215810061,,3.633330107,3.636250019,3.747434974,,3.607715011,4.082415104,3.83660996,3.89921999,4.089749813,4.500510216,,,,
Small states,SST,"Government expenditure on education, total (% of GDP)",SE.XPD.TOTL.GD.ZS,,,,,4.248999953,4.241605043,,,,,,,,,5.659435034,5.712785006,5.650720119,,,5.045985103,4.691925049,4.216645002,,,,,3.750920057,,,,5.090950012,5.01210022,5.084235191,4.959554911,4.88696003,4.911809921,5.520425081,6.037819862,3.923750043,6.188739777,6.201240063,5.52699995,4.516775131,3.505729914,3.846969843,5.481639862,,,
Sao Tome and Principe,STP,"Government expenditure on education, total (% of GDP)",SE.XPD.TOTL.GD.ZS,,,,,,,,,,,,,,,,,,,,,,,,,,,,,,,,,,2.876909971,3.438849926,3.529040098,5.260449886,4.545750141,6.443099976,5.560540199,10.69295979,9.658410072,,6.334149837,5.93859005,3.756819963,,,
Suriname,SUR,"Government expenditure on education, total (% of GDP)",SE.XPD.TOTL.GD.ZS,,,,,,,,,,,,,,,,,,,,,,,,,,,,,,,,,,,,,,,,,,,,,,,,,
Slovak Republic,SVK,"Government expenditure on education, total (% of GDP)",SE.XPD.TOTL.GD.ZS,,,,,,,,,,,,,,,,,,,,,,,,5.379240036,4.468120098,3.727950096,4.315470219,4.139689922,4.129159927,,4.11247015,3.871989965,3.941989899,4.251060009,4.217209816,4.108129978,3.765219927,3.713540077,3.529320002,3.526740074,4.010940075,4.115880013,3.962310076,3.909209967,4.086659908,4.2385602,,,
Slovenia,SVN,"Government expenditure on education, total (% of GDP)",SE.XPD.TOTL.GD.ZS,,,,,,,,,,,,,,,,,,,,,,,,,,,4.923840046,,,,,,5.757090092,5.655119896,5.691279888,5.635179996,5.582409859,5.575590134,5.105090141,5.106090069,5.568590164,5.562510014,5.565629959,5.659369946,5.486589909,,,,
Sweden,SWE,"Government expenditure on education, total (% of GDP)",SE.XPD.TOTL.GD.ZS,,,,,,,,,,,6.46724987,6.624330044,6.872600079,,,,,,,,,5.268780231,5.514309883,5.317500114,5.59428978,,6.235690117,6.932280064,,7.1708498,6.923620224,6.819869995,6.680970192,7.000699997,6.851109982,6.710999966,6.55354023,6.408770084,6.209519863,6.386199951,6.854680061,6.62198019,6.485050201,7.66617012,7.717549801,7.675089836,,,
Swaziland,SWZ,"Government expenditure on education, total (% of GDP)",SE.XPD.TOTL.GD.ZS,,,,,,,,3.714349985,3.944299936,5.796520233,6.364280224,5.297200203,6.58382988,6.753640175,,,,,5.802199841,5.511559963,5.661290169,5.484570026,,,,5.140289783,5.653140068,4.938159943,,,5.090950012,5.508480072,4.931990147,4.493549824,5.922949791,5.468939781,6.503680229,6.705019951,,6.828559875,6.578179836,6.127120018,6.731450081,,,7.049990177,,,
Sint Maarten (Dutch part),SXM,"Government expenditure on education, total (% of GDP)",SE.XPD.TOTL.GD.ZS,,,,,,,,,,,,,,,,,,,,,,,,,,,,,,,,,,,,,,,,,,,,,,,,,
Seychelles,SYC,"Government expenditure on education, total (% of GDP)",SE.XPD.TOTL.GD.ZS,,4.1884799,4.066390038,4.246940136,,4.283329964,4.345019817,4.745960236,,,,,,,,12.02892971,10.23305035,9.713600159,,8.291890144,8.229519844,,,,,9.021710396,7.703690052,7.779220104,,5.992070198,5.261000156,,,5.193329811,5.374929905,,,4.770120144,,,,,3.606440067,,,,,,
Syrian Arab Republic,SYR,"Government expenditure on education, total (% of GDP)",SE.XPD.TOTL.GD.ZS,,,,3.58355999,3.689909935,,3.934509993,5.831459999,5.714419842,5.514259815,4.966169834,4.575530052,5.383930206,5.897620201,,6.133890152,6.070049763,5.62293005,4.551569939,3.616770029,4.032060146,,,,,,,3.69829011,,,,,4.341400146,5.053679943,6.506060123,5.358329773,,5.36164999,4.866730213,4.59525013,5.130139828,,,,,,,,
Turks and Caicos Islands,TCA,"Government expenditure on education, total (% of GDP)",SE.XPD.TOTL.GD.ZS,,,,,,,,,,,,,,,,,,,,,,,,,,,,,,,,,,,,,,,,,,,,,,,3.265280008,,
Chad,TCD,"Government expenditure on education, total (% of GDP)",SE.XPD.TOTL.GD.ZS,,,,,,,,,,,,,,,,,,,,,,,,,,,,,2.272310019,1.647979975,3.227509975,2.647059917,2.431999922,,,1.594550014,1.692790031,,,,2.31140995,1.981379986,2.256400108,2.207639933,2.849709988,,,,
East Asia & Pacific (IDA & IBRD countries),TEA,"Government expenditure on education, total (% of GDP)",SE.XPD.TOTL.GD.ZS,,,,,,,,,,,,,,,,,,,,,,,,,,,2.439464986,2.894775033,3.730554938,,,4.26079011,2.740120053,2.995899916,,2.743479967,,,3.074919939,3.507390022,3.865410089,4.077284932,4.704180002,4.557859898,4.12887001,,,,
Europe & Central Asia (IDA & IBRD countries),TEC,"Government expenditure on education, total (% of GDP)",SE.XPD.TOTL.GD.ZS,,,,,,,,,,,,,,,,,,,,,,,,,,,,3.512520075,,,3.758059978,3.271844983,3.342710018,3.344845057,3.549335003,3.351514935,3.642894983,3.636105061,3.974940062,4.204790115,4.341454983,4.252699852,4.15279007,4.018030167,,,,,
Togo,TGO,"Government expenditure on education, total (% of GDP)",SE.XPD.TOTL.GD.ZS,,2.113800049,,,,,,,,,6.668600082,,5.870850086,,,5.390140057,,,4.722670078,,,,,5.676559925,,,,4.410399914,,3.986190081,4.187439919,4.510749817,4.186279774,4.008739948,4.194240093,3.633330107,3.393749952,3.669569969,3.697520018,3.429579973,4.125500202,4.427390099,4.442940235,4.737269878,4.674320221,4.868460178,5.217899799,,
Thailand,THA,"Government expenditure on education, total (% of GDP)",SE.XPD.TOTL.GD.ZS,,,3.074239969,3.030930042,2.555399895,2.148410082,2.383239985,3.01237011,3.211139917,,2.844779968,2.576410055,2.884490013,3.272200108,3.463829994,3.437459946,,3.418230057,3.115619898,2.753079891,2.498389959,,3.08446002,3.04640007,,3.404390097,3.143199921,3.498559952,4.577489853,4.627230167,4.832489967,5.253270149,4.813360214,3.864639997,3.724020004,4.033370018,3.940870047,4.050690174,3.60168004,3.507390022,3.865410089,3.51109004,4.808489799,4.557859898,4.12887001,,,,
Tajikistan,TJK,"Government expenditure on education, total (% of GDP)",SE.XPD.TOTL.GD.ZS,,,,,,,,,,,,,,,,,,,,,,,,,8.18558979,,2.065979958,2.042979956,,2.528709888,2.076590061,2.328629971,2.37658,2.77579999,2.422630072,2.772079945,3.512150049,3.403480053,3.41328001,3.459830046,4.098309994,4.006750107,3.935110092,4.018030167,,,5.232150078,,
Turkmenistan,TKM,"Government expenditure on education, total (% of GDP)",SE.XPD.TOTL.GD.ZS,,,,,,,,,,,,,,,,,,,,,,,,,,,,,,,,,,,,,,,,,,,,3.055900097,,,,,
Latin America & the Caribbean (IDA & IBRD countries),TLA,"Government expenditure on education, total (% of GDP)",SE.XPD.TOTL.GD.ZS,,,,,,,,,,,,,,,,,,,,,,,,,,3.431809902,3.558549881,3.248769999,,3.436170101,3.818575025,3.705719948,4.105879784,3.941079974,3.852940083,3.578660011,,3.780325055,3.624330044,4.375839949,5.341690063,4.666460037,4.726890087,4.95539999,5.004640102,5.246870041,,,
Timor-Leste,TLS,"Government expenditure on education, total (% of GDP)",SE.XPD.TOTL.GD.ZS,,,,,,,,,,,,,,,,,,,,,,,,,,,,,,,,,,,,,,,,8.102020264,11.3413496,10.38706017,9.257060051,6.428520203,6.027929783,7.775000095,,,
Middle East & North Africa (IDA & IBRD countries),TMN,"Government expenditure on education, total (% of GDP)",SE.XPD.TOTL.GD.ZS,,,,,,,,,4.975500107,,,4.840194941,,5.554059982,,,,,,,4.311825037,,,,,,,4.184929967,,,,,,,,,,,,4.474750042,,,,,,,,,
Tonga,TON,"Government expenditure on education, total (% of GDP)",SE.XPD.TOTL.GD.ZS,,,,,,,,,,,,,,,,10.34650993,,,,,,,,,,,,,,5.590889931,5.460919857,4.940770149,4.532559872,3.792320013,4.16012001,3.908040047,,,,,,,,,,,,,
South Asia (IDA & IBRD),TSA,"Government expenditure on education, total (% of GDP)",SE.XPD.TOTL.GD.ZS,,,,,1.851250052,,2.008559942,,,,1.968109965,1.983204961,1.934994996,1.873539984,1.996749997,2.072050095,2.434289932,2.679029942,2.64060998,,,2.409320116,2.566590071,,,,,,3.022550106,3.045389891,2.750509977,2.548155069,,,3.117360115,2.560054958,3.135930061,2.859920025,2.634040117,2.746170044,2.600009918,3.424160004,2.827985048,2.351320028,2.983924985,3.122315049,2.982139945,,
Sub-Saharan Africa (IDA & IBRD countries),TSS,"Government expenditure on education, total (% of GDP)",SE.XPD.TOTL.GD.ZS,,,,,,,,,,,,,,,,,,,,,,,,,,,,,,,3.420449972,3.174814939,3.474159956,3.215810061,,3.633330107,3.636250019,3.747434974,,3.607715011,4.082415104,3.83660996,3.89921999,4.089749813,4.500510216,,,,
Trinidad and Tobago,TTO,"Government expenditure on education, total (% of GDP)",SE.XPD.TOTL.GD.ZS,,,,,,,,,,,,3.768079996,,5.457399845,5.766600132,5.87390995,5.767749786,,,,4.19987011,3.654129982,,,,3.431809902,3.558549881,3.248769999,3.325210094,2.438920021,2.756119967,2.755650043,3.065289974,3.543009996,3.136600018,,,,,,,,,,,,,,
Tunisia,TUN,"Government expenditure on education, total (% of GDP)",SE.XPD.TOTL.GD.ZS,,,,,,,,,,,,5.235159874,4.889359951,5.286049843,5.457630157,5.517449856,5.539720058,5.879489899,,,,5.790860176,6.027470112,5.754889965,5.983769894,6.176469803,6.429759979,6.287809849,6.679029942,,6.270989895,6.201980114,6.20182991,5.790030003,6.816730022,6.720779896,6.451570034,6.43859005,6.465519905,6.272190094,6.528480053,6.254809856,,6.250360012,,,,,
Turkey,TUR,"Government expenditure on education, total (% of GDP)",SE.XPD.TOTL.GD.ZS,,,,,,,,,,4.347740173,2.915199995,,2.208300114,1.754909992,2.647599936,2.029230118,1.738109946,1.509570003,,,,,,,3.365469933,3.42482996,2.251110077,,,0,2.946140051,2.584609985,2.714380026,2.822449923,2.958920002,3.117569923,,2.863940001,,,,,,4.06137991,4.766260147,,,,
Tuvalu,TUV,"Government expenditure on education, total (% of GDP)",SE.XPD.TOTL.GD.ZS,,,,,,,,,,,,,,,,,,,,,,7.554180145,,,,,,,3730833.5,,,,,,,,,,,,,,,,,,,,
Tanzania,TZA,"Government expenditure on education, total (% of GDP)",SE.XPD.TOTL.GD.ZS,,,,,,,,,,,,,,,,,,,,,2.251189947,2.137219906,,,,,,2.533250093,2.457060099,2.177510023,,,,,,4.652890205,4.601429939,3.273299932,4.041629791,4.247759819,4.039330006,4.62567997,,,,3.479140043,,,
Uganda,UGA,"Government expenditure on education, total (% of GDP)",SE.XPD.TOTL.GD.ZS,,,3.161050081,,3.350229979,3.390919924,3.221029997,2.676589966,,,,,,2.515520096,1.689090014,2.428359985,3.431960106,,,5.119919777,,,,,,,,,,,,2.461879969,,,,4.969739914,,,,,,2.393440008,3.03441,2.445460081,2.17392993,2.213870049,,,
Ukraine,UKR,"Government expenditure on education, total (% of GDP)",SE.XPD.TOTL.GD.ZS,,4.572929859,,,,,,,,,,,,,,,,,,,,,,,,,,,5.456009865,4.431260109,3.630379915,4.16794014,4.684850216,5.428760052,5.609630108,5.310060024,6.064690113,6.210480213,6.148900032,6.430309772,7.313640118,,6.162330151,6.714650154,6.649859905,5.863540173,,,
Upper middle income,UMC,"Government expenditure on education, total (% of GDP)",SE.XPD.TOTL.GD.ZS,,,,,,,,,,,,,,,,,,,,,,,,,,,,,,,4.213595152,3.988189936,3.952230096,3.845849991,4.011769772,3.818929911,4.056099892,3.981365085,4.142635107,4.204790115,4.637705088,4.544904947,4.489769936,4.409354925,4.747729778,,,,
Uruguay,URY,"Government expenditure on education, total (% of GDP)",SE.XPD.TOTL.GD.ZS,,,,,,,,,,,1.987130046,2.159509897,,,,2.373389959,2.566790104,3.102829933,,,,,2.479079962,2.411530018,,2.271719933,2.51157999,2.861920118,,2.242010117,,2.423890114,2.804510117,2.324069977,2.066950083,2.498589993,2.714869976,2.882369995,,,,,4.356939793,,,,,,
USA,USA,"Government expenditure on education, total (% of GDP)",SE.XPD.TOTL.GD.ZS,,,,,,,,,,,,,,,,,,4.583260059,,4.677619934,4.798500061,4.814449787,4.898729801,,,4.873179913,4.940680027,,,4.814990044,4.84965992,,5.449790001,5.417329788,5.554140091,5.31415987,5.063310146,5.386229992,5.229839802,5.295360088,5.256219864,5.427070141,5.211500168,5.200870037,4.930130005,5.38078022,,,
Uzbekistan,UZB,"Government expenditure on education, total (% of GDP)",SE.XPD.TOTL.GD.ZS,,,,,,,,,,,,,,,,,,,,,,,,,,,,,,,,,,,,,,,,,,,,,,,,,
St. Vincent and the Grenadines,VCT,"Government expenditure on education, total (% of GDP)",SE.XPD.TOTL.GD.ZS,,,,,,,,,,,,,,,,,,4.42911005,,,4.468689919,,4.873770237,,,,,,,4.033360004,5.752679825,7.913640022,,7.801990032,8.637829781,,6.350810051,,5.722219944,,5.689780235,5.085229874,,,,,,,
"Venezuela, RB",VEN,"Government expenditure on education, total (% of GDP)",SE.XPD.TOTL.GD.ZS,,3.745680094,3.711580038,4.246369839,,3.555049896,4.560989857,,4.503849983,,,3.881870031,4.565239906,4.43170023,5.212349892,4.347609997,,,4.16008997,3.741090059,,2.528409958,,4.454619884,3.945319891,5.173190117,,,,,,,,,,,,3.668370008,3.624330044,,6.877230167,,,,,,,,
British Virgin Islands,VGB,"Government expenditure on education, total (% of GDP)",SE.XPD.TOTL.GD.ZS,,,,,,,,,,,,,,,,,,,,,,,,,,,,,,,,,,,,,,,3.599430084,,3.96987009,4.358960152,,,,,6.64192009,,
Virgin Islands (U.S.),VIR,"Government expenditure on education, total (% of GDP)",SE.XPD.TOTL.GD.ZS,,,,,,,,,,,,,,,,,,,,,,,,,,,,,,,,,,,,,,,,,,,,,,,,,
Vietnam,VNM,"Government expenditure on education, total (% of GDP)",SE.XPD.TOTL.GD.ZS,,,,,,,,,,,,,,,,,,,,,,,,,,,,,,,,,,,,,,,,4.874810219,4.814239979,5.132060051,4.813509941,5.525489807,5.65873003,,,,
Vanuatu,VUT,"Government expenditure on education, total (% of GDP)",SE.XPD.TOTL.GD.ZS,,,,,,,,,,,,,,,,,,,,,,,,,,4.388020039,,,,7.640820026,6.162829876,7.003630161,8.95114994,8.131750107,8.441729546,,,,,5.783030033,5.012949944,,,,,4.910830021,5.549870014,,
World,WLD,"Government expenditure on education, total (% of GDP)",SE.XPD.TOTL.GD.ZS,,,,,,,,,,,,,,,,,,,,,,,,,,,,,,,4.199805021,3.945940018,4.098179817,4.010879993,4.169620037,4.054785013,4.160014868,4.189845085,4.247410059,4.412539959,4.751979828,4.582379818,4.486660004,4.566459894,4.708690166,,,,
Samoa,WSM,"Government expenditure on education, total (% of GDP)",SE.XPD.TOTL.GD.ZS,,,,,,,,,,,,,,,,,,,,,,,,,,,,,,,4.016250134,3.582930088,3.826289892,3.841389894,,,,,,5.144209862,,,,,,,,,
Kosovo,XKX,"Government expenditure on education, total (% of GDP)",SE.XPD.TOTL.GD.ZS,,,,,,,,,,,,,,,,,,,,,,,,,,,,,,,,,,,,,,,,,,,,,,,,,
"Yemen, Rep.",YEM,"Government expenditure on education, total (% of GDP)",SE.XPD.TOTL.GD.ZS,,,,,,,,,,,,,,,,,,,,,,,,,,,,,,,,9.651539803,9.256409645,,,,,,,5.147429943,,,,,,,,,
South Africa,ZAF,"Government expenditure on education, total (% of GDP)",SE.XPD.TOTL.GD.ZS,,,,,,,,,,,,,,,,,,,5.347650051,5.452000141,5,5.282939911,5.914830208,,6.071509838,5.804560184,,5.574470043,,,5.872600079,5.441969872,5.161250114,5.04761982,4.853950024,5.052770138,5.051640034,5.070260048,4.972519875,4.864860058,5.246610165,5.716440201,5.958429813,6.379360199,6.020669937,6.029550076,,,
Zambia,ZMB,"Government expenditure on education, total (% of GDP)",SE.XPD.TOTL.GD.ZS,,4.38781023,6.095349789,5.945789814,5.488070011,4.878009796,6.238540173,6.026939869,5.692510128,4.740749836,4.154940128,4.126709938,4.000720024,5.154870033,5.388020039,4.9885602,4.145840168,3.338989973,2.662260056,,,,2.740570068,2.091599941,1.942080021,1.793519974,1.838529944,,,2.118230104,1.774950027,1.788190007,,,,2.463429928,1.735530019,,1.240759969,1.099720001,,,,,,,,,
Zimbabwe,ZWE,"Government expenditure on education, total (% of GDP)",SE.XPD.TOTL.GD.ZS,,,,,,,,,,,2.317840099,2.544179916,3.351540089,,4.145480156,5.791500092,7.419260025,,11.64476013,12.33728981,12.28423023,12.45425987,,22.32221031,,44.33398056,,,,,,,,,,,,,,,,1.973330021,,8.383219719,8.485360146,8.429329872,,,