Country,Country Code,Indicator Name,Indicator Code,1960,1995,1996,1997,1998,1999,2000,2001,2002,2003,2004,2005,2006,2007,2008,2009,2010,2011,2012,2013,2014,2015,2016,2017
Aruba,ABW,"Health expenditure, total (% of GDP)",SH.XPD.TOTL.ZS,,,,,,,,,,,,,,,,,,,,,,,,
Afghanistan,AFG,"Health expenditure, total (% of GDP)",SH.XPD.TOTL.ZS,,,,,,,,,7.76307316,8.81605343,8.78670722,8.06810435,7.43397155,6.72831635,8.32809334,9.41897064,9.19772273,7.87199189,8.51891268,8.13486556,8.18227382,,,
Angola,AGO,"Health expenditure, total (% of GDP)",SH.XPD.TOTL.ZS,,6.45887795,2.81473208,3.4825593,3.33560211,3.37784418,2.78728366,5.38455772,3.63392075,4.40528442,4.70732007,4.10396002,4.54243749,3.38311163,3.84493395,4.37177378,3.39114609,3.3795827,3.30479422,4.26303169,3.30698293,,,
Albania,ALB,"Health expenditure, total (% of GDP)",SH.XPD.TOTL.ZS,,6.59707903,7.43197435,7.56809993,6.94329921,6.86818989,6.2559844,6.00014389,6.30011348,6.26700723,6.37953469,6.11631076,5.86129625,6.10393525,5.86941616,5.79133946,5.33503501,5.71466526,5.58917285,5.65513948,5.88310543,,,
Andorra,AND,"Health expenditure, total (% of GDP)",SH.XPD.TOTL.ZS,,5.80799984,6.09433321,6.14492202,7.75592576,5.72830824,5.78129974,5.78874692,5.97260274,5.74503291,5.70388241,5.22335314,5.31389324,6.33545578,6.5674086,6.75968963,7.99926652,6.70379149,7.54733741,11.4780464,8.12713561,,,
Arab World,ARB,"Health expenditure, total (% of GDP)",SH.XPD.TOTL.ZS,,3.699065093,3.690651633,3.861093866,4.173795155,4.277465255,4.119981984,4.390891483,4.414998152,4.201716459,3.938217267,3.57556927,3.525856125,3.619370957,3.531418824,4.57113645,4.161817744,4.096060617,4.399206649,4.665016506,4.875496496,,,
United Arab Emirates,ARE,"Health expenditure, total (% of GDP)",SH.XPD.TOTL.ZS,,2.63613172,2.45902483,2.48706386,2.89439211,2.71378769,2.37999034,2.48427471,2.71758304,2.64640737,2.46216142,2.32021865,2.32534364,2.56564188,2.92853487,4.04992386,3.92945183,3.7038587,3.44599956,3.48564353,3.64398564,,,
Argentina,ARG,"Health expenditure, total (% of GDP)",SH.XPD.TOTL.ZS,,8.31099274,8.02499359,8.36136161,8.53592553,9.35514932,9.21275669,9.37589012,8.31392968,8.21606274,6.84056093,6.84561938,6.68187054,6.49458405,6.66371839,7.63475841,6.55015616,5.89274265,5.01904817,4.98687258,4.78591616,,,
Armenia,ARM,"Health expenditure, total (% of GDP)",SH.XPD.TOTL.ZS,,6.41873606,5.7907572,5.76758904,5.75617179,5.68179057,6.25348348,5.94041648,5.40041921,5.56388068,5.50118169,5.25211644,4.57775072,4.30883082,3.79932298,4.54532341,4.56226302,3.71354097,4.48215825,4.55022679,4.48014942,,,
American Samoa,ASM,"Health expenditure, total (% of GDP)",SH.XPD.TOTL.ZS,,,,,,,,,,,,,,,,,,,,,,,,
Antigua and Barbuda,ATG,"Health expenditure, total (% of GDP)",SH.XPD.TOTL.ZS,,4.1436129,3.92096985,3.93930715,3.92020732,3.96104693,4.12504853,4.48439049,4.41378705,4.53434099,4.20698542,4.41010035,4.34002161,4.26972324,4.69201433,4.86206202,5.6285144,5.64852918,5.38593825,5.33222783,5.54168311,,,
Australia,AUS,"Health expenditure, total (% of GDP)",SH.XPD.TOTL.ZS,,7.25973523,7.44304741,7.49922799,7.66270214,7.78975897,8.07814515,8.17867869,8.39043833,8.31845119,8.57432053,8.45389263,8.49118995,8.5306305,8.78349607,9.04605596,9.01527191,9.19934655,9.35738514,9.36373848,9.42230024,,,
Austria,AUT,"Health expenditure, total (% of GDP)",SH.XPD.TOTL.ZS,,9.54702427,9.52730055,9.8252159,9.99743397,10.18758732,10.06456722,10.11903601,10.27003327,10.48033992,10.55988254,10.53141508,10.35154773,10.40127692,10.60392998,11.19443731,11.16524816,10.93557307,11.16821981,11.1377909,11.20547328,,,
Azerbaijan,AZE,"Health expenditure, total (% of GDP)",SH.XPD.TOTL.ZS,,5.79187601,6.12391391,5.45197597,5.43466004,5.35714447,4.67081301,4.48244097,4.46710558,6.56328804,7.92454395,7.8639081,6.16806759,5.09525293,4.37406647,5.85024048,5.3336001,5.00932503,5.36689762,5.53755045,6.0368632,,,
Burundi,BDI,"Health expenditure, total (% of GDP)",SH.XPD.TOTL.ZS,,4.3744822,4.49703909,4.11362695,4.50070122,4.39141864,4.97839061,4.96067407,5.15367588,5.24840706,7.10205754,9.83776739,11.49013252,10.02676743,7.85946357,6.96418727,8.82066864,8.57801472,8.20755375,8.03161378,7.53556539,,,
Belgium,BEL,"Health expenditure, total (% of GDP)",SH.XPD.TOTL.ZS,,7.61132513,7.91027712,7.76548243,7.88649843,8.07696011,8.12059728,8.29205205,8.46176755,9.30359795,9.32102699,9.24428757,9.17112797,9.25207442,9.59842645,10.39434014,10.16564067,10.42349563,10.53975001,10.57290301,10.5947509,,,
Benin,BEN,"Health expenditure, total (% of GDP)",SH.XPD.TOTL.ZS,,4.69268216,4.58649677,4.31179803,4.38570981,4.58684538,4.33873071,4.68672761,4.27443185,4.63066141,4.56185468,4.73384847,4.75046608,4.54583981,4.19564004,4.46430984,4.94824039,5.36875255,4.85686602,4.59205377,4.59429651,,,
Burkina Faso,BFA,"Health expenditure, total (% of GDP)",SH.XPD.TOTL.ZS,,4.90774616,5.13518327,5.12841993,5.26031651,5.26786301,5.05909906,4.85203751,5.26139343,5.60978869,6.45328338,6.87238586,6.57889926,6.62938957,6.76855996,7.40543097,7.17005016,5.16945672,5.32688534,5.91240213,4.96026323,,,
Bangladesh,BGD,"Health expenditure, total (% of GDP)",SH.XPD.TOTL.ZS,,3.22157662,2.96373618,2.25028592,2.25182094,2.29318008,2.32679549,2.46995061,2.59288743,2.51003846,2.61548602,2.67725039,2.79623022,2.79895606,2.84653391,2.90958368,3.06355993,3.155874,3.08120807,2.88285726,2.81899856,,,
Bulgaria,BGR,"Health expenditure, total (% of GDP)",SH.XPD.TOTL.ZS,,4.75327488,4.57258827,4.74160776,4.66878135,5.85566877,6.06955519,7.23446648,7.40609292,7.43475437,7.08595529,7.07978092,6.6734753,6.41034419,6.61156197,6.77819389,7.24456053,6.88297734,7.10569778,7.93021922,8.44291326,,,
Bahrain,BHR,"Health expenditure, total (% of GDP)",SH.XPD.TOTL.ZS,,4.11287292,4.03746857,4.34798137,4.31625384,4.18890934,3.50896583,3.79531921,3.89413936,3.73972896,3.36600777,3.15804988,3.07675509,3.07767478,3.16848651,3.786504,3.63764959,3.40195337,4.36591164,4.68637938,4.98079638,,,
"Bahamas, The",BHS,"Health expenditure, total (% of GDP)",SH.XPD.TOTL.ZS,,6.8503937,6.91604323,5.55011883,5.58609619,5.23029011,5.20817529,5.14618628,5.25568411,5.6180021,6.02453452,5.95416502,6.93251788,7.07559268,7.3029743,7.4319201,7.43658423,7.63371738,7.43010401,7.04554853,7.74236489,,,
Bosnia and Herzegovina,BIH,"Health expenditure, total (% of GDP)",SH.XPD.TOTL.ZS,,9.02980068,10.22157282,8.12932882,8.14897906,8.90972456,7.08827392,7.16021767,7.01047901,7.9408288,9.0438333,8.49615182,8.28337432,8.37007608,8.58190329,9.64051655,9.57831611,9.71201831,9.9397549,9.46431161,9.57201597,,,
Belarus,BLR,"Health expenditure, total (% of GDP)",SH.XPD.TOTL.ZS,,6.74025354,6.23562466,6.59252515,5.95665774,6.16338326,6.12884845,6.62474592,6.47012421,6.58928033,6.58678934,6.88634578,6.33679804,6.43772703,5.94918995,6.08504113,5.55420409,4.92365904,5.00822363,6.07206556,5.68772158,,,
Belize,BLZ,"Health expenditure, total (% of GDP)",SH.XPD.TOTL.ZS,,4.24602899,3.63127017,3.92015182,3.79614802,3.66693481,3.97615331,4.50244268,4.37927042,4.5348229,4.39392269,4.45271318,4.40074319,4.76058357,5.09281839,5.80764478,5.84584806,5.60522062,5.45306037,5.79061965,5.78895004,,,
Bermuda,BMU,"Health expenditure, total (% of GDP)",SH.XPD.TOTL.ZS,,,,,,,,,,,,,,,,,,,,,,,,
Bolivia,BOL,"Health expenditure, total (% of GDP)",SH.XPD.TOTL.ZS,,3.72938541,4.62820984,4.1695752,5.10001351,6.19650543,5.66983151,6.31154371,6.52937179,5.30411075,5.21561551,5.66626332,5.19483534,4.96364424,5.00221817,5.76173626,5.44301385,5.49176327,5.5569911,5.9649866,6.33482729,,,
Brazil,BRA,"Health expenditure, total (% of GDP)",SH.XPD.TOTL.ZS,,6.51076042,6.70694533,6.69245518,6.55967037,6.90990454,7.02774504,7.19063692,7.13005982,6.94296392,7.06793519,8.26702693,8.35570723,8.28058988,8.23798966,8.64909707,8.26736921,8.0901717,8.26089862,8.48312451,8.32283359,,,
Barbados,BRB,"Health expenditure, total (% of GDP)",SH.XPD.TOTL.ZS,,5.21222112,5.06553288,5.10668175,4.8775902,5.01105957,5.15515307,5.47182997,5.76189211,5.81503159,5.71254394,5.37770788,5.27479782,5.63907522,6.01496305,6.21396814,6.16899137,6.66975378,7.42925203,7.5687307,7.469303,,,
Brunei Darussalam,BRN,"Health expenditure, total (% of GDP)",SH.XPD.TOTL.ZS,,2.96502086,3.72384445,3.73573354,4.45519327,3.81591842,3.05392326,3.05915827,3.03624423,3.09075683,3.00570028,2.62469019,2.24345194,2.31773158,2.22944566,2.84871691,2.73321659,2.24592919,2.30071015,2.61249972,2.64816289,,,
Bhutan,BTN,"Health expenditure, total (% of GDP)",SH.XPD.TOTL.ZS,,3.97733171,6.31150093,7.3507957,7.23627296,6.93946877,6.91231672,5.91345001,7.75160507,4.9041054,4.40750213,5.28092275,5.26868823,5.87866065,6.57982434,6.02784218,5.17176159,4.73145771,3.70384573,3.82579516,3.57301481,,,
Botswana,BWA,"Health expenditure, total (% of GDP)",SH.XPD.TOTL.ZS,,4.07625751,4.03790507,4.29532105,3.85635148,3.74391572,4.64378253,5.72932944,6.47357061,4.64786115,5.55872796,5.62371187,4.92953585,4.71306526,5.55037104,6.38817073,5.64265217,5.24916763,6.27218857,5.83806784,5.41200262,,,
Central African Republic,CAF,"Health expenditure, total (% of GDP)",SH.XPD.TOTL.ZS,,3.60367411,4.49230966,3.58946373,3.74819755,4.07258453,4.23554071,3.94971705,4.16499024,4.30920674,4.10144818,4.29009912,3.98872906,4.04420573,4.30491314,3.57683853,3.89743425,3.73272849,3.62284672,3.82208893,4.20022213,,,
Canada,CAN,"Health expenditure, total (% of GDP)",SH.XPD.TOTL.ZS,,8.86134848,8.63665594,8.60408832,8.82742133,8.72990945,8.66856172,9.09586921,9.36996095,9.54031491,9.55593893,9.57259884,9.75077613,9.834884,10.0314672,11.17309256,11.20113293,10.82129629,10.77921223,10.66516682,10.449582,,,
Central Europe and the Baltics,CEB,"Health expenditure, total (% of GDP)",SH.XPD.TOTL.ZS,,5.819484432,5.971079974,5.832768152,5.967070608,6.058750534,5.978832142,6.159104182,6.453366458,6.695292331,6.686351294,6.689976402,6.559570057,6.529369798,6.838615156,7.347817955,7.189392372,6.990815629,6.973147093,6.879365605,6.845234418,,,
Switzerland,CHE,"Health expenditure, total (% of GDP)",SH.XPD.TOTL.ZS,,9.33430835,9.71518238,9.66982037,9.84654167,10.00292799,9.90805016,10.28167391,10.60657136,10.933913,10.96120293,10.86294204,10.38772207,10.20985654,10.2889506,11.00053859,11.07054472,11.21213823,11.58918948,11.70740988,11.65926872,,,
Channel Islands,CHI,"Health expenditure, total (% of GDP)",SH.XPD.TOTL.ZS,,,,,,,,,,,,,,,,,,,,,,,,
Chile,CHL,"Health expenditure, total (% of GDP)",SH.XPD.TOTL.ZS,,5.15357961,5.65542143,5.77650605,6.23410258,6.39504662,6.39554049,6.50868916,6.47573804,7.33944363,6.93393245,6.69119625,6.18107636,6.34524532,6.8683536,7.39252832,6.96860594,7.00457914,7.23794642,7.5312947,7.78585767,,,
China,CHN,"Health expenditure, total (% of GDP)",SH.XPD.TOTL.ZS,,3.52548646,3.78557264,4.0245977,4.33385163,4.48787053,4.59690987,4.55782328,4.78507297,4.82123292,4.72284375,4.65846996,4.52241742,4.31833293,4.58905193,5.07535532,4.88633979,5.02886408,5.26451547,5.38570406,5.54822768,,,
Cote d'Ivoire,CIV,"Health expenditure, total (% of GDP)",SH.XPD.TOTL.ZS,,6.36900793,6.74057936,7.06619884,7.29820334,6.52167773,6.00117587,4.84648676,4.46676932,4.65208666,5.23740268,5.3896073,5.87099688,6.34588449,6.20550231,6.41352727,6.32384065,6.42052546,6.14322312,5.80954361,5.71627357,,,
Cameroon,CMR,"Health expenditure, total (% of GDP)",SH.XPD.TOTL.ZS,,3.86124181,5.16760946,4.64471655,4.42322257,4.43404241,4.47926062,4.70069873,4.86311777,4.97339975,4.73054345,4.75114245,4.68549975,4.75670352,5.17618655,5.06998858,5.28483734,3.96167517,4.33911457,4.29309731,4.10367158,,,
"Congo, Dem. Rep.",COD,"Health expenditure, total (% of GDP)",SH.XPD.TOTL.ZS,,3.2506534,3.03382391,3.6186459,4.26378754,3.80431781,1.44624365,2.66685774,2.5871639,3.20376686,3.33995801,3.14461623,3.38568114,3.61073821,4.45778277,5.6131874,4.04297925,3.53486147,3.7652661,3.88677527,4.32823361,,,
"Congo, Rep.",COG,"Health expenditure, total (% of GDP)",SH.XPD.TOTL.ZS,,3.16306069,2.86291491,3.09868108,3.73837716,3.06500203,2.12504959,2.43633674,2.45276459,2.61050747,2.55529589,2.42171832,2.3727083,2.53770363,2.08514176,2.26558576,2.29284845,2.79015169,3.97634646,5.09464112,5.15141136,,,
Colombia,COL,"Health expenditure, total (% of GDP)",SH.XPD.TOTL.ZS,,6.75685008,8.16065798,8.95554088,8.72644655,8.67188966,5.90658511,5.96000372,5.66898945,5.92269295,5.37077635,5.8158366,6.1117047,6.25336641,6.61993597,7.01240715,6.75752454,6.63578902,6.93347013,6.8432,7.20129855,,,
Comoros,COM,"Health expenditure, total (% of GDP)",SH.XPD.TOTL.ZS,,4.61334969,4.48025047,4.49258244,4.04421255,3.8681088,3.55560015,2.85941954,3.38792052,3.64985651,3.95907616,4.31649402,4.57135897,4.93045333,5.13058242,3.8159446,5.82480352,6.09705013,7.10723668,6.50938357,6.74764314,,,
Cabo Verde,CPV,"Health expenditure, total (% of GDP)",SH.XPD.TOTL.ZS,,5.28728442,4.82373976,4.73245519,5.23817847,4.64854913,4.81197137,5.18842561,5.17292778,4.99736722,5.06127652,4.85837167,5.11488034,4.30181632,3.96261016,4.24249163,4.8314955,4.5981957,4.60767994,4.29340629,4.75969597,,,
Costa Rica,CRI,"Health expenditure, total (% of GDP)",SH.XPD.TOTL.ZS,,6.51231532,6.65078699,6.35054774,7.13212144,6.83088785,7.12411021,7.24688126,8.22565685,8.44923734,7.79839004,7.73973795,7.8231858,8.36985934,9.00515369,9.68658882,9.65747228,9.72939981,9.55968402,9.4665247,9.31311229,,,
Caribbean small states,CSS,"Health expenditure, total (% of GDP)",SH.XPD.TOTL.ZS,,5.250888468,5.323475504,5.558022345,5.305879902,5.139171083,5.192051798,5.119630474,5.167825111,5.183892331,5.31342238,5.140141883,5.015601397,5.359692284,5.362404515,6.247483674,5.814931568,5.742877611,6.235903663,6.207849333,6.171053597,,,
Cuba,CUB,"Health expenditure, total (% of GDP)",SH.XPD.TOTL.ZS,,5.15194347,5.2563626,5.49944414,5.76999293,6.00381452,6.0657218,6.27017609,6.49530818,6.31477793,6.13763913,9.39424353,7.67119625,10.41968483,10.79330726,11.78167488,10.19428176,10.59691898,8.59069933,9.48202921,11.05880043,,,
Curacao,CUW,"Health expenditure, total (% of GDP)",SH.XPD.TOTL.ZS,,,,,,,,,,,,,,,,,,,,,,,,
Cayman Islands,CYM,"Health expenditure, total (% of GDP)",SH.XPD.TOTL.ZS,,,,,,,,,,,,,,,,,,,,,,,,
Cyprus,CYP,"Health expenditure, total (% of GDP)",SH.XPD.TOTL.ZS,,4.73555051,5.20546815,5.53045023,5.58342922,5.59747051,5.76878621,5.78263528,6.1236131,6.83046446,6.41800628,6.3690867,6.27810151,6.05253416,6.89217292,7.40220132,7.2339653,7.53731961,7.43887767,7.45866684,7.36761162,,,
Czech Republic,CZE,"Health expenditure, total (% of GDP)",SH.XPD.TOTL.ZS,,6.6939823,6.4112513,6.40105384,6.41802925,6.34893158,6.31376242,6.42218784,6.79738309,7.13181689,6.90346859,6.93394326,6.69370303,6.522339,6.81889577,7.84539515,7.4318989,7.50106056,7.54794135,7.48649513,7.41091154,,,
Germany,DEU,"Health expenditure, total (% of GDP)",SH.XPD.TOTL.ZS,,9.43119261,9.91390845,10.03394379,10.04933602,10.04867111,10.10314295,10.15409317,10.39990223,10.61578862,10.37086787,10.51754561,10.34100073,10.1804053,10.39246762,11.40325491,11.25156004,10.93273699,10.99191973,11.16480314,11.29700067,,,
Djibouti,DJI,"Health expenditure, total (% of GDP)",SH.XPD.TOTL.ZS,,3.95089843,3.97202354,4.598152,5.45433438,6.21829622,5.75373964,5.37254273,5.44853384,6.2210856,6.7637107,7.21478463,7.05121762,7.72082465,8.04957964,8.37116146,8.84146484,8.71121911,8.94711732,9.13982602,10.56825612,,,
Dominica,DMA,"Health expenditure, total (% of GDP)",SH.XPD.TOTL.ZS,,5.85107017,5.86916299,5.99052114,5.7401763,5.7772693,4.67680993,4.61495217,4.71101985,4.58840093,4.31835019,4.5907974,4.54040177,4.66781159,4.54347143,5.259277,5.71976867,5.63311849,5.35510714,5.58003918,5.48583257,,,
Denmark,DNK,"Health expenditure, total (% of GDP)",SH.XPD.TOTL.ZS,,8.12529118,8.21149933,8.15091135,8.15613412,8.95363968,8.69908954,9.10017962,9.33288751,9.50939145,9.67486939,9.7699606,9.92431629,9.98729401,10.18303034,11.47219769,11.08183797,10.86554541,10.9838191,11.24700751,10.80495696,,,
Dominican Republic,DOM,"Health expenditure, total (% of GDP)",SH.XPD.TOTL.ZS,,5.2103532,5.01460052,5.26953146,5.44041106,5.66399715,5.90216851,5.59412454,5.78862837,5.53403296,4.28073586,4.26151651,4.34435286,4.34354051,4.19632994,4.41085261,4.06246968,4.21893383,4.26412797,4.11902833,4.37577756,,,
Algeria,DZA,"Health expenditure, total (% of GDP)",SH.XPD.TOTL.ZS,,3.70152453,3.34906968,3.59465773,3.59408178,3.43391495,3.48902094,3.83786516,3.73006375,3.60102674,3.54406326,3.23516801,3.35511843,3.82141191,4.20191141,5.35942501,5.11715468,5.29292834,6.14311272,7.12438268,7.20717804,,,
East Asia & Pacific (excluding high income),EAP,"Health expenditure, total (% of GDP)",SH.XPD.TOTL.ZS,,3.2598038,3.461597209,3.629606447,4.009977397,4.061253526,4.089411047,4.148689372,4.307841718,4.390803338,4.314661321,4.329021385,4.249566446,4.134877627,4.338100916,4.782571171,4.593028595,4.720089512,4.96866031,5.094531906,5.256506215,,,
Early-demographic dividend,EAR,"Health expenditure, total (% of GDP)",SH.XPD.TOTL.ZS,,4.696645244,4.561852098,4.741680186,4.970159109,5.132441916,5.10468789,5.340673579,5.066413656,5.157984574,5.065935691,5.07023298,5.029246294,5.051322968,5.006943592,5.447544344,5.212666949,5.086417515,5.122708441,5.200697963,5.28359869,,,
East Asia & Pacific,EAS,"Health expenditure, total (% of GDP)",SH.XPD.TOTL.ZS,,5.838146446,5.679132783,5.817648744,6.150530353,6.375521755,6.486650525,6.553778283,6.552508282,6.664597213,6.646817814,6.638302938,6.473831044,6.281967755,6.474129508,7.016227293,6.857124495,6.980762923,7.070802958,6.907541875,6.886477414,,,
Europe & Central Asia (excluding high income),ECA,"Health expenditure, total (% of GDP)",SH.XPD.TOTL.ZS,,4.850605707,5.018996346,5.866587149,5.272388079,5.376693078,5.293119315,5.518332101,5.758772809,5.69821274,5.526523772,5.549847074,5.6012208,5.677173052,6.113375165,6.810022028,6.403558567,6.145403629,6.326735287,6.48038601,6.420852299,,,
Europe & Central Asia,ECS,"Health expenditure, total (% of GDP)",SH.XPD.TOTL.ZS,,8.102954396,8.229588566,8.186887842,8.177330008,8.281479106,8.224760282,8.430520425,8.668099568,8.868991998,8.837290637,8.910463675,8.809321048,8.706588112,8.968932239,9.811848656,9.555619792,9.424952235,9.455265197,9.498520144,9.502541344,,,
Ecuador,ECU,"Health expenditure, total (% of GDP)",SH.XPD.TOTL.ZS,,3.39863636,3.7410135,3.71706789,3.57834839,3.80909529,3.3786467,3.85795035,4.61526692,6.46381498,6.21729056,5.87295184,5.85722282,5.93693781,5.66029931,5.57500385,5.9021487,5.9151677,6.47936086,7.28688971,9.16108824,,,
"Egypt, Arab Rep.",EGY,"Health expenditure, total (% of GDP)",SH.XPD.TOTL.ZS,,3.53650574,3.8968055,4.6100914,4.92653751,5.2573956,5.55075125,5.75054527,5.96959135,5.41204355,5.21090557,5.06260429,5.23956984,4.95043355,4.81986313,5.0088987,4.79725822,5.03966667,5.29360162,5.46252124,5.64211505,,,
Euro area,EMU,"Health expenditure, total (% of GDP)",SH.XPD.TOTL.ZS,,8.713482499,8.865991481,8.870126847,8.855270849,8.870816142,8.89301394,9.012504408,9.225617664,9.433359348,9.456053695,9.633512833,9.561397386,9.454239555,9.738303935,10.49270718,10.41199688,10.32390141,10.40238714,10.44112075,10.44481812,,,
Eritrea,ERI,"Health expenditure, total (% of GDP)",SH.XPD.TOTL.ZS,,4.52377069,3.61207708,4.19876947,4.4842092,5.00556026,4.43459367,3.94880121,4.022588,3.50246439,3.14235447,2.96792167,3.29897088,3.29157461,3.68846683,3.30193937,3.24031896,3.06088999,2.97641275,3.0122195,3.33829318,,,
Spain,ESP,"Health expenditure, total (% of GDP)",SH.XPD.TOTL.ZS,,7.44459252,7.46292642,7.33387575,7.3192794,7.31629197,7.21475551,7.24157367,7.25041069,7.98814212,8.04569615,8.11898424,8.23258934,8.35762244,8.80496468,9.52140118,9.55574089,9.47835693,9.38884953,9.09572402,9.02988651,,,
Estonia,EST,"Health expenditure, total (% of GDP)",SH.XPD.TOTL.ZS,,6.31814012,6.57390761,6.1883056,5.55535904,5.85598582,5.2816118,4.85382046,4.8440834,4.91867721,5.13198242,5.01934025,5.01483256,5.15908483,6.05608547,6.93238582,6.24878186,5.8320426,6.36428657,6.48178731,6.37929421,,,
Ethiopia,ETH,"Health expenditure, total (% of GDP)",SH.XPD.TOTL.ZS,,2.95660882,2.9185687,3.200776,3.73468837,3.95586855,4.36421528,4.26258377,4.72945755,4.63536942,4.23459837,4.20170809,4.46674967,4.69032041,4.28069284,4.40929621,6.86140983,6.54770287,5.76934846,5.19220468,4.88431325,,,
European Union,EUU,"Health expenditure, total (% of GDP)",SH.XPD.TOTL.ZS,,8.300819494,8.420668633,8.319778484,8.315737232,8.390135965,8.388336827,8.577678977,8.804864414,9.036964586,9.065009286,9.225135735,9.175079799,9.091363335,9.398793146,10.1927928,10.04965856,10.00949008,10.07366033,10.09676697,10.03875985,,,
Fragile and conflict affected situations,FCS,"Health expenditure, total (% of GDP)",SH.XPD.TOTL.ZS,,,,,,,4.677996349,5.145342425,5.331476251,5.170785761,5.113048368,4.453935485,4.207124962,4.321882581,4.614302017,5.276889239,4.853972916,4.862737676,5.578094369,5.823333492,5.70949556,,,
Finland,FIN,"Health expenditure, total (% of GDP)",SH.XPD.TOTL.ZS,,7.84986061,8.03312617,7.71484885,7.35005359,7.37327066,7.21904777,7.42501005,7.80782855,8.15119542,8.20952406,8.42946509,8.38132513,8.09335361,8.35417138,9.20360107,9.0454216,9.01149493,9.29823712,9.54669008,9.67990894,,,
Fiji,FJI,"Health expenditure, total (% of GDP)",SH.XPD.TOTL.ZS,,3.11363329,3.27231193,3.53182738,3.18470345,3.14455216,3.86874867,3.28148396,3.48156111,3.35233567,3.60774412,3.60776119,3.83604195,3.74015968,3.67865292,4.25794871,4.22789631,4.05573589,4.16378175,4.26284098,4.48749874,,,
France,FRA,"Health expenditure, total (% of GDP)",SH.XPD.TOTL.ZS,,10.11255569,10.10873665,9.97504961,9.86474371,9.85689755,9.77454768,9.88690294,10.22030799,10.42832417,10.53472683,10.59988615,10.52922033,10.44898821,10.5698701,11.28059369,11.19721933,11.33488998,11.43898967,11.56028303,11.53951975,,,
Faroe Islands,FRO,"Health expenditure, total (% of GDP)",SH.XPD.TOTL.ZS,,,,,,,,,,,,,,,,,,,,,,,,
"Micronesia, Fed. Sts.",FSM,"Health expenditure, total (% of GDP)",SH.XPD.TOTL.ZS,,9.15697583,8.62468548,7.7805233,6.94781073,7.57831364,7.88173023,8.5835092,8.01953064,9.69052452,10.63613644,12.112,11.92411067,11.99023438,12.94214559,13.44070448,13.83044533,13.75699709,12.76737349,13.38425416,13.70691454,,,
Gabon,GAB,"Health expenditure, total (% of GDP)",SH.XPD.TOTL.ZS,,3.48304784,3.39675368,3.00630403,4.2435531,3.52033514,2.88920101,3.2299484,3.21867604,3.47902086,3.25513645,2.75520343,2.88201626,2.8583196,2.535878,3.42794074,3.4057095,3.12257014,3.13156309,3.98331084,3.43747162,,,
UK,GBR,"Health expenditure, total (% of GDP)",SH.XPD.TOTL.ZS,,6.69419941,6.7213642,6.49146782,6.56273213,6.82592898,6.9408116,7.31085769,7.56801541,7.81211385,7.97890281,8.23536912,8.36326097,8.41613855,8.85089693,9.80995593,9.50702943,9.33870027,9.41083326,9.33908653,9.11547172,,,
Georgia,GEO,"Health expenditure, total (% of GDP)",SH.XPD.TOTL.ZS,,5.12490374,7.49096865,7.98980819,6.54770804,6.29395835,6.939338,7.81612364,8.72331141,8.48522551,8.53107694,8.59882617,8.39422247,8.16731799,8.99319466,10.19421933,10.05158367,9.38218863,8.57085151,7.2473647,7.4166592,,,
Ghana,GHA,"Health expenditure, total (% of GDP)",SH.XPD.TOTL.ZS,,3.08622897,3.44504879,2.9955213,3.23156333,3.08048613,2.99813339,3.55887452,3.07302943,3.12389313,3.95738509,4.50784786,4.63638188,5.30044343,4.85068811,5.17304409,5.33452117,4.80741948,4.7900551,4.62620018,3.55729189,,,
Gibraltar,GIB,"Health expenditure, total (% of GDP)",SH.XPD.TOTL.ZS,,,,,,,,,,,,,,,,,,,,,,,,
Guinea,GIN,"Health expenditure, total (% of GDP)",SH.XPD.TOTL.ZS,,3.53123668,3.12920666,3.05302562,3.39292938,3.41609089,3.45616834,3.65332963,3.76254133,3.44611461,3.13747392,2.82148862,3.02029095,3.07812234,3.2070461,3.84851388,4.54713891,4.73099737,5.39134293,5.49316028,5.64479793,,,
"Gambia, The",GMB,"Health expenditure, total (% of GDP)",SH.XPD.TOTL.ZS,,3.2577568,3.36690123,3.1146135,3.5360106,3.56361232,3.61338256,3.70840054,3.75098777,4.21918804,4.3519662,4.96685998,5.52277969,5.76134541,5.9455552,5.84983434,5.75051063,6.24125427,6.12343327,6.49113393,7.34040076,,,
Guinea-Bissau,GNB,"Health expenditure, total (% of GDP)",SH.XPD.TOTL.ZS,,6.4319112,6.95065512,6.71958778,7.06176147,5.75536052,4.93580872,5.03895833,5.83796501,5.61914548,5.41321192,5.71621565,5.8746927,6.1035278,6.04978909,6.80645346,6.69821693,5.45611123,5.96143163,6.13947839,5.59313736,,,
Equatorial Guinea,GNQ,"Health expenditure, total (% of GDP)",SH.XPD.TOTL.ZS,,5.38183325,4.44083118,3.18420482,4.27792987,2.758364,2.73288105,1.78308363,2.05102618,2.22972919,2.39764528,1.63062912,2.12883668,2.24801409,2.311263,5.32060059,3.83919384,3.29221335,4.00084211,3.73335792,3.80407904,,,
Greece,GRC,"Health expenditure, total (% of GDP)",SH.XPD.TOTL.ZS,,8.26531533,8.16894191,8.00961014,7.91137977,8.12549939,7.60226921,8.47012165,8.71768644,8.60848417,8.30236873,9.36146591,9.33528442,9.4084693,9.75879775,9.76326668,9.18486746,9.77188991,9.24254484,9.25694494,8.08426702,,,
Grenada,GRD,"Health expenditure, total (% of GDP)",SH.XPD.TOTL.ZS,,6.90686327,6.9529011,7.25414774,7.34501195,7.7832826,6.62466978,7.66909007,6.67353847,5.89385798,5.23515143,5.50415611,5.99301739,5.87601597,5.76329049,6.24465331,6.40660082,6.34947937,6.35657502,6.1524108,6.09761403,,,
Greenland,GRL,"Health expenditure, total (% of GDP)",SH.XPD.TOTL.ZS,,,,,,,,,,,,,,,,,,,,,,,,
Guatemala,GTM,"Health expenditure, total (% of GDP)",SH.XPD.TOTL.ZS,,3.91897722,3.8555659,4.02383664,3.86032555,4.2870333,5.25181948,6.75862604,6.70663788,6.88412953,6.77302634,6.78948738,7.07207735,6.85595784,6.64882824,6.78776437,6.63841729,6.28384359,6.32933891,6.29628068,6.20230127,,,
Guam,GUM,"Health expenditure, total (% of GDP)",SH.XPD.TOTL.ZS,,,,,,,,,,,,,,,,,,,,,,,,
Guyana,GUY,"Health expenditure, total (% of GDP)",SH.XPD.TOTL.ZS,,5.06613057,4.94599721,5.14500276,5.27054837,4.6800807,5.847442,5.82490165,5.83507299,5.96831608,5.72841269,5.82749382,4.66920858,6.45346258,7.46423673,7.32019596,6.60294394,6.79708665,6.56510789,5.09615344,5.2478035,,,
High income,HIC,"Health expenditure, total (% of GDP)",SH.XPD.TOTL.ZS,,9.216061266,9.325450205,9.44596462,9.676646151,9.750608227,9.847648577,10.34343898,10.76863683,10.94035122,10.88163495,10.96916879,10.99482666,10.97894529,11.20143003,12.18670776,12.06328016,11.9891862,12.102204,12.13331852,12.25963308,,,
"Hong Kong SAR, China",HKG,"Health expenditure, total (% of GDP)",SH.XPD.TOTL.ZS,,,,,,,,,,,,,,,,,,,,,,,,
Honduras,HND,"Health expenditure, total (% of GDP)",SH.XPD.TOTL.ZS,,5.33817718,4.96237984,4.88425303,5.63190526,6.21355116,6.62617698,6.8768446,7.28280497,8.29433272,7.88885252,7.81458832,7.63244921,7.89426555,8.40137585,8.84061142,8.4510228,8.56802118,9.7798508,9.15018328,8.72268046,,,
Heavily indebted poor countries (HIPC),HPC,"Health expenditure, total (% of GDP)",SH.XPD.TOTL.ZS,,4.444994581,4.701564843,4.608499016,4.815022914,4.853005302,4.453108971,4.782802305,4.972783237,5.113854892,5.246504503,5.277631552,5.458174604,5.374197597,5.790450986,6.071835022,6.335536877,6.078294156,6.126106224,6.063465365,6.034310684,,,
Croatia,HRV,"Health expenditure, total (% of GDP)",SH.XPD.TOTL.ZS,,6.74396895,7.00520024,5.7929835,6.58691214,7.24325614,7.66469802,7.16206455,6.19018539,6.34665765,6.55583737,6.89409977,6.95312104,7.44334788,7.7045206,8.17701771,8.24785313,7.79909419,7.79722563,7.82827445,7.80324176,,,
Haiti,HTI,"Health expenditure, total (% of GDP)",SH.XPD.TOTL.ZS,,6.60463061,6.44642627,6.20127766,5.99234884,5.65165911,6.05826244,5.63127188,5.46628153,5.31704135,5.61151004,4.40741512,5.69978142,5.55702995,5.92248802,6.6786433,8.09463583,10.41487851,9.88320415,8.10279783,7.55565419,,,
Hungary,HUN,"Health expenditure, total (% of GDP)",SH.XPD.TOTL.ZS,,7.22453408,6.99431478,6.74276817,7.07803941,7.2065392,7.0575793,7.11497045,7.46547035,8.42191484,8.08316836,8.27979357,8.09995208,7.50953251,7.32650666,7.54933377,7.85048555,7.84003067,7.74065817,7.52727617,7.40078093,,,
IBRD only,IBD,"Health expenditure, total (% of GDP)",SH.XPD.TOTL.ZS,,4.981425352,5.018483986,5.265347848,5.341736041,5.330989881,5.281540199,5.39523618,5.315309787,5.378253681,5.310396293,5.428570424,5.379372587,5.34159396,5.519180193,5.96229859,5.727385934,5.668027943,5.785226128,5.881275959,5.915307039,,,
IDA & IBRD total,IBT,"Health expenditure, total (% of GDP)",SH.XPD.TOTL.ZS,,4.920397746,4.959897599,5.186459921,5.265710765,5.246822214,5.179778261,5.30048027,5.222332891,5.298265987,5.242763869,5.356304067,5.313426402,5.288418008,5.465777492,5.891030224,5.652388982,5.599537205,5.702969081,5.794132248,5.817164796,,,
IDA total,IDA,"Health expenditure, total (% of GDP)",SH.XPD.TOTL.ZS,,3.953472684,4.039365044,3.918395147,4.082080035,4.00370372,3.761916081,3.923886162,3.949771178,4.205243107,4.293588404,4.308396824,4.375766694,4.482846724,4.621003866,4.759998442,4.552330081,4.552060783,4.479683661,4.533513517,4.462093803,,,
IDA blend,IDB,"Health expenditure, total (% of GDP)",SH.XPD.TOTL.ZS,,3.376106404,3.572251783,3.550582004,3.727352173,3.621227616,3.482430125,3.556978454,3.376702776,3.78366449,3.862609918,3.886805157,3.872346041,4.160214972,3.996357734,4.081130734,3.675963544,3.839423159,3.699393864,3.907998935,3.835530849,,,
Indonesia,IDN,"Health expenditure, total (% of GDP)",SH.XPD.TOTL.ZS,,1.95621435,1.98662541,1.92529768,2.05535994,2.21846805,1.9783324,2.23198234,2.26862572,2.53372429,2.36774828,2.78958066,2.90514781,3.09844209,2.80594493,2.82545945,2.7406754,2.7131643,2.89787034,2.92591721,2.84686016,,,
IDA only,IDX,"Health expenditure, total (% of GDP)",SH.XPD.TOTL.ZS,,4.39542504,4.401586153,4.193033042,4.331823075,4.280210818,3.968395732,4.191976833,4.374322585,4.522105156,4.639483753,4.657214236,4.828102939,4.761829348,5.198533817,5.343483236,5.499309727,5.33967282,5.360060095,5.238353276,5.172269712,,,
Isle of Man,IMN,"Health expenditure, total (% of GDP)",SH.XPD.TOTL.ZS,,,,,,,,,,,,,,,,,,,,,,,,
India,IND,"Health expenditure, total (% of GDP)",SH.XPD.TOTL.ZS,,4.01863098,3.89701725,4.24807061,4.29626147,4.0259878,4.26375646,4.49651024,4.40107258,4.29653759,4.22013959,4.28217471,4.24668128,4.22653116,4.33949245,4.37573742,4.27967981,4.33115071,4.389042,4.52911807,4.68508833,,,
Not classified,INX,"Health expenditure, total (% of GDP)",SH.XPD.TOTL.ZS,,,,,,,,,,,,,,,,,,,,,,,,
Ireland,IRL,"Health expenditure, total (% of GDP)",SH.XPD.TOTL.ZS,,6.43922051,6.34936457,6.19744462,6.01844877,5.9290031,6.02806576,6.59839384,6.85271589,7.04763499,7.33848733,7.26683559,7.22353538,7.57001772,8.64102477,9.53009384,8.76096475,8.14533747,8.32055052,8.00927632,7.78319657,,,
"Iran, Islamic Rep.",IRN,"Health expenditure, total (% of GDP)",SH.XPD.TOTL.ZS,,3.74488392,3.6397587,4.00157739,4.40401883,4.38637194,4.47453766,5.02339127,5.38928283,5.41582194,5.8876663,6.06355948,5.94523503,5.84412037,6.28314503,7.63154127,8.01924969,7.12442249,6.9838344,6.49275923,6.8949223,,,
Iraq,IRQ,"Health expenditure, total (% of GDP)",SH.XPD.TOTL.ZS,,,,,,,,,,4.36364226,5.61200838,4.13339428,2.99905461,3.69178171,3.9279652,4.64971686,3.82046695,3.31821307,5.26411877,5.9199233,5.53887318,,,
Iceland,ISL,"Health expenditure, total (% of GDP)",SH.XPD.TOTL.ZS,,8.20549191,8.16477234,7.91258044,8.73383816,9.43705415,9.2750212,9.12238316,9.85538991,10.07437408,9.58713484,9.20976024,8.96470691,8.75292103,8.80337292,9.12074545,8.85548842,8.65326311,8.68327575,8.75450051,8.85916593,,,
Israel,ISR,"Health expenditure, total (% of GDP)",SH.XPD.TOTL.ZS,,7.34555433,7.40078592,7.56044971,7.41985562,7.16221722,7.12928401,7.61027457,7.49158352,7.43618123,7.34611873,7.43511313,7.37962269,7.36888637,7.32999547,7.45871596,7.35697387,7.39438605,7.73373175,7.89399062,7.80830808,,,
Italy,ITA,"Health expenditure, total (% of GDP)",SH.XPD.TOTL.ZS,,7.0951993,7.19380887,7.47161217,7.55160371,7.62970381,7.91371676,8.11320938,8.22996699,8.17185036,8.49431614,8.70707069,8.81849072,8.48168567,8.88584923,9.41489657,9.41991203,9.27499911,9.28206804,9.21721878,9.24791783,,,
Jamaica,JAM,"Health expenditure, total (% of GDP)",SH.XPD.TOTL.ZS,,4.16409664,4.72996836,5.97090539,5.48311356,5.04149057,5.80932261,5.33784359,4.85575957,4.55821974,4.80457328,4.06830563,4.22114615,4.87190883,5.40429222,5.15809611,5.29687787,5.21156436,5.65711987,5.90574802,5.36152479,,,
Jordan,JOR,"Health expenditure, total (% of GDP)",SH.XPD.TOTL.ZS,,8.4680132,8.90916941,8.96952793,9.30817105,9.359011,9.65470363,9.90197276,9.68129541,9.15453269,9.05278809,8.88253327,8.08490328,8.34550992,8.77647005,9.54302829,8.4176322,8.38611431,8.00466753,7.23316979,7.45299586,,,
Japan,JPN,"Health expenditure, total (% of GDP)",SH.XPD.TOTL.ZS,,6.6226014,6.49028939,6.72554817,7.00892123,7.34097027,7.53324651,7.74668514,7.84847852,7.99594428,8.03487741,8.18154267,8.19413457,8.24853451,8.59902664,9.51396085,9.57849715,10.07184997,10.16980518,10.24737667,10.22874408,,,
Kazakhstan,KAZ,"Health expenditure, total (% of GDP)",SH.XPD.TOTL.ZS,,4.61783479,4.34318179,4.67251837,4.83111924,4.37611572,4.16032948,3.47096531,3.61480665,3.69562808,3.95180407,4.06951322,3.72656036,3.18543508,3.64857277,4.13485255,4.42042194,4.05524966,4.3153085,4.29914863,4.35593983,,,
Kenya,KEN,"Health expenditure, total (% of GDP)",SH.XPD.TOTL.ZS,,4.2546112,4.14837559,4.1175352,4.49260472,4.1968479,4.68273816,4.62224717,4.53836443,4.44734056,4.28974554,4.36354595,4.24362134,4.07795506,3.89959146,4.16756719,3.97371597,5.2314281,5.49053237,5.56790477,5.72029126,,,
Kyrgyz Republic,KGZ,"Health expenditure, total (% of GDP)",SH.XPD.TOTL.ZS,,5.97060065,5.69307187,5.23371462,5.8769337,5.33664004,4.6771627,4.78581,5.43420861,5.42793328,5.57289951,5.82230709,6.73429073,6.87338793,6.07102722,6.79492613,6.65733621,6.17973864,6.97356873,6.6786385,6.48376219,,,
Cambodia,KHM,"Health expenditure, total (% of GDP)",SH.XPD.TOTL.ZS,,5.38707902,7.42653701,6.46012542,6.02289105,5.59977223,5.86525812,5.70229312,5.94573973,6.74284618,6.43218295,5.84121965,4.47935339,3.7458317,5.55434947,6.35516894,5.95280478,5.64142819,6.23920837,5.93281822,5.67563855,,,
Kiribati,KIR,"Health expenditure, total (% of GDP)",SH.XPD.TOTL.ZS,,9.39105096,9.20390344,9.3572622,6.99500964,8.81717701,8.12191984,9.00297707,9.10312141,9.97939239,10.39189376,10.05853597,10.92704338,13.65860476,12.22926894,12.24187853,10.51872977,10.42241736,10.37479425,10.15483768,10.21295042,,,
St. Kitts and Nevis,KNA,"Health expenditure, total (% of GDP)",SH.XPD.TOTL.ZS,,5.85433464,6.06104992,5.64910189,5.59305987,5.97556059,5.31565597,4.97210133,4.85158469,4.94841062,4.72913659,4.80077315,5.45901566,5.29182061,5.91390479,5.00208583,5.49998123,5.88112635,5.78722052,6.13575203,5.08036532,,,
South Korea,KOR,"Health expenditure, total (% of GDP)",SH.XPD.TOTL.ZS,,3.67276956,3.87615854,3.86772523,3.96643703,4.20207908,4.22599348,4.75962664,4.61261035,4.92542518,4.95938228,5.32851591,5.75710863,5.98674394,6.15807158,6.65612235,6.79430738,6.83252287,7.01258591,7.19693064,7.37311255,,,
Kuwait,KWT,"Health expenditure, total (% of GDP)",SH.XPD.TOTL.ZS,,3.72426299,3.46528433,3.69448252,4.4370724,3.66676805,2.50942071,3.60960453,3.56384791,3.22905642,2.7557707,2.37794798,2.25224274,2.13286507,1.93147895,3.87051709,2.7596631,2.61661289,2.57201714,2.5600271,3.04236844,,,
Latin America & Caribbean (excluding high income),LAC,"Health expenditure, total (% of GDP)",SH.XPD.TOTL.ZS,,6.27558763,6.275480362,6.307524744,6.290540604,6.513254067,6.342323136,6.491485613,6.187041297,6.416382957,6.331251391,6.805968774,6.789315957,6.908462297,6.907510484,7.553607975,7.188938923,7.043539334,6.995609783,7.132144056,7.115052631,,,
Lao PDR,LAO,"Health expenditure, total (% of GDP)",SH.XPD.TOTL.ZS,,3.77081641,3.66814697,4.60735372,5.42938639,3.77248131,3.4118284,4.31878741,4.04067662,4.91118515,4.54444753,4.31668409,4.14334297,4.14439212,2.76996612,3.77060611,2.74584753,2.19661784,2.11887109,1.99960355,1.86554551,,,
Lebanon,LBN,"Health expenditure, total (% of GDP)",SH.XPD.TOTL.ZS,,12.56417697,13.43730633,13.06278796,11.42224362,10.8696945,10.86159292,10.90442335,10.04646111,9.3023934,8.90980781,8.41980531,8.83001398,8.9037559,8.07052509,7.42448512,7.19133602,7.12492597,6.9909271,6.63325169,6.39370883,,,
Liberia,LBR,"Health expenditure, total (% of GDP)",SH.XPD.TOTL.ZS,,,,,5.9246469,6.0374042,5.91313981,6.40765167,5.42610813,3.43834059,8.77485716,8.0358831,10.90408771,10.23524323,11.82501159,14.39018881,11.86712183,11.23228864,10.18650065,9.25436605,10.03633328,,,
Libya,LBY,"Health expenditure, total (% of GDP)",SH.XPD.TOTL.ZS,,3.27753681,3.35009282,3.45644575,3.90036944,3.64702626,3.40765496,4.05766524,4.56836292,4.06371504,3.46061724,2.70538066,2.5091272,2.62642263,2.04113186,3.1625065,3.05255664,4.77000711,4.29879351,4.33485587,4.96893503,,,
St. Lucia,LCA,"Health expenditure, total (% of GDP)",SH.XPD.TOTL.ZS,,6.08686468,7.06552219,6.39578175,5.13965062,5.53624275,5.52822822,6.09831345,6.32567716,6.10343642,6.19944529,6.24652588,6.37266722,6.8131974,7.43456753,8.11908183,8.09611928,7.58420617,8.34772855,7.85441263,6.71904145,,,
Latin America & Caribbean,LCN,"Health expenditure, total (% of GDP)",SH.XPD.TOTL.ZS,,6.292830202,6.291165801,6.30134627,6.308307744,6.510271493,6.345502251,6.486175152,6.193899882,6.440285088,6.379896578,6.813874141,6.77091507,6.87690439,6.897846005,7.548457208,7.181671019,7.04564676,7.016748346,7.159427942,7.152191262,,,
Least developed countries: UN classification,LDC,"Health expenditure, total (% of GDP)",SH.XPD.TOTL.ZS,,4.146352681,3.97671211,3.816490705,3.919698016,3.910698969,3.552763853,3.966753404,4.121607693,4.29088399,4.467098847,4.435854829,4.691364892,4.389542419,4.809260663,4.998500573,5.075474649,4.91569135,4.869025796,4.919915593,4.763202212,,,
Low income,LIC,"Health expenditure, total (% of GDP)",SH.XPD.TOTL.ZS,,4.387001585,4.388081779,4.428354662,4.616621975,4.698281353,4.381880331,4.914307397,5.251884673,5.395954429,5.641805718,5.62531365,5.952157045,5.540649035,5.53070689,5.908575712,6.442168189,6.284866267,5.927694881,5.787252723,5.748102694,,,
Liechtenstein,LIE,"Health expenditure, total (% of GDP)",SH.XPD.TOTL.ZS,,,,,,,,,,,,,,,,,,,,,,,,
Sri Lanka,LKA,"Health expenditure, total (% of GDP)",SH.XPD.TOTL.ZS,,3.44024607,3.4601004,3.3443674,3.71291943,3.6543685,3.77494054,3.80731091,3.88774826,3.9535948,4.28272642,4.06081747,4.06216396,3.75875181,3.44475072,3.36899956,3.43256993,3.2814775,3.20966147,3.67699093,3.50335011,,,
Lower middle income,LMC,"Health expenditure, total (% of GDP)",SH.XPD.TOTL.ZS,,3.734889381,3.708781173,3.876867607,4.163110772,3.979595843,3.976992556,4.196881996,4.120237754,4.183315797,4.145914558,4.260443793,4.269779028,4.32285837,4.373202976,4.47683306,4.27636977,4.26661455,4.37800948,4.512811435,4.495833963,,,
Low & middle income,LMY,"Health expenditure, total (% of GDP)",SH.XPD.TOTL.ZS,,4.875581829,4.906029673,5.156463517,5.219825541,5.211183561,5.150338427,5.267488951,5.175403976,5.250368501,5.187005369,5.320725681,5.278863084,5.263241043,5.423602679,5.859485583,5.61863861,5.570027919,5.671615864,5.769132406,5.798262219,,,
Lesotho,LSO,"Health expenditure, total (% of GDP)",SH.XPD.TOTL.ZS,,7.4625838,7.49735218,6.71880873,6.84984788,6.75948852,6.91527558,7.52988554,6.90802017,7.1297893,6.96398382,6.29584414,7.11552059,8.46770338,8.85089519,9.79523187,10.87000705,11.78852824,11.14497984,11.07282138,10.61767672,,,
Late-demographic dividend,LTE,"Health expenditure, total (% of GDP)",SH.XPD.TOTL.ZS,,5.047574431,5.229844749,5.487542027,5.474615461,5.318570567,5.209985156,5.245522236,5.368208028,5.370894979,5.311695134,5.457365709,5.41212814,5.363325062,5.618192234,6.138738059,5.880405893,5.830341116,5.951087732,6.022715765,6.067780643,,,
Lithuania,LTU,"Health expenditure, total (% of GDP)",SH.XPD.TOTL.ZS,,5.37428736,5.58587674,5.73900884,6.07781199,6.20251838,6.45834466,6.26029317,6.39610514,6.45979375,5.67346919,5.83432657,6.19588569,6.22384874,6.60837899,7.53257874,7.09033823,6.85596808,6.66789481,6.59045056,6.55211709,,,
Luxembourg,LUX,"Health expenditure, total (% of GDP)",SH.XPD.TOTL.ZS,,5.56674896,5.65222071,5.59426504,5.66753769,5.8271225,7.47748018,7.40182986,8.26666277,7.66728887,8.20455465,7.94570112,7.74947883,6.79800543,7.33859064,8.1146262,7.68088676,7.3409169,7.17505184,7.09750397,6.93787356,,,
Latvia,LVA,"Health expenditure, total (% of GDP)",SH.XPD.TOTL.ZS,,5.7641721,6.10366636,6.20315475,6.1213504,6.38998632,6.00426586,6.16677115,6.28923484,6.15252413,6.51218398,6.37415759,6.7991405,7.01215151,6.63050503,6.83979658,6.55480303,6.09974017,5.90778351,5.66928247,5.88069354,,,
"Macao SAR, China",MAC,"Health expenditure, total (% of GDP)",SH.XPD.TOTL.ZS,,,,,,,,,,,,,,,,,,,,,,,,
St. Martin (French part),MAF,"Health expenditure, total (% of GDP)",SH.XPD.TOTL.ZS,,,,,,,,,,,,,,,,,,,,,,,,
Morocco,MAR,"Health expenditure, total (% of GDP)",SH.XPD.TOTL.ZS,,3.55457954,3.48780701,3.71017017,3.91506476,3.98521459,4.1805133,4.4385331,5.30833933,5.25177742,5.21554804,5.05803376,5.23396796,5.47518256,5.41489757,5.66551271,5.85885463,5.98875179,6.14685256,5.93534584,5.90777806,,,
Monaco,MCO,"Health expenditure, total (% of GDP)",SH.XPD.TOTL.ZS,,3.10731995,3.0388671,3.18254295,3.13413664,3.41513225,3.29068143,3.33167925,3.39151509,3.9340387,4.02616923,4.00135654,3.81972113,3.38073993,3.63699333,4.29791231,4.40020002,4.19310875,4.25538691,4.0300074,4.337683,,,
Moldova,MDA,"Health expenditure, total (% of GDP)",SH.XPD.TOTL.ZS,,9.05732076,10.27129346,9.45174817,7.68867317,5.88528668,6.65247796,6.99630753,8.31253703,8.23547436,8.48619596,9.15376162,10.62583313,10.88435311,11.41339603,12.48972121,12.08179732,10.61121439,11.87332928,10.05471776,10.32365569,,,
Madagascar,MDG,"Health expenditure, total (% of GDP)",SH.XPD.TOTL.ZS,,4.06524309,4.5172219,4.78122195,4.50876065,4.54694228,5.0805986,5.17201954,5.29448848,4.81306658,4.8875444,5.03002085,5.11190088,4.98399653,4.49573889,4.70033897,4.86435014,4.2355947,3.45623205,4.14767794,3.04135502,,,
Maldives,MDV,"Health expenditure, total (% of GDP)",SH.XPD.TOTL.ZS,,6.02355147,6.37138221,6.38692469,7.51260743,7.37459812,7.9962272,5.83855621,5.77722073,5.89706416,5.88874714,9.52452498,7.37121198,6.64152393,9.30458288,9.21822502,7.92926355,8.11412868,9.16358288,11.16425478,13.73352009,,,
Middle East & North Africa,MEA,"Health expenditure, total (% of GDP)",SH.XPD.TOTL.ZS,,4.242736593,4.21179932,4.41488378,4.700425194,4.711653745,4.611506026,4.959121036,4.98805282,4.80629437,4.62637848,4.335089839,4.233177626,4.298443552,4.199398706,5.314373295,5.056189905,4.852703789,5.04569304,5.131562127,5.326294393,,,
Mexico,MEX,"Health expenditure, total (% of GDP)",SH.XPD.TOTL.ZS,,5.05567469,4.59296607,4.71655688,4.80138717,5.00884196,4.97854213,5.35288319,5.5210778,6.02185177,6.11044039,6.0443102,5.83217814,5.91563943,6.06132066,6.59579987,6.39444283,6.04343893,6.21482997,6.29528345,6.29642103,,,
Marshall Islands,MHL,"Health expenditure, total (% of GDP)",SH.XPD.TOTL.ZS,,30.82930435,19.46909558,19.87920653,18.32720645,18.05450353,21.8805911,18.69292677,17.44297261,16.86879662,17.8403202,17.4250474,19.79982033,20.42172636,19.43177259,18.97912934,17.3351136,17.18970115,16.67534375,17.23845225,17.13572274,,,
Middle income,MIC,"Health expenditure, total (% of GDP)",SH.XPD.TOTL.ZS,,4.881896321,4.912827235,5.165852845,5.228206442,5.218453995,5.162966115,5.272652602,5.174186783,5.248127396,5.180314567,5.316380374,5.269819512,5.259647784,5.422209314,5.858839061,5.608334645,5.561520319,5.668365387,5.768897811,5.798937175,,,
"Macedonia, FYR",MKD,"Health expenditure, total (% of GDP)",SH.XPD.TOTL.ZS,,8.38956962,8.60555412,9.08510984,9.99105614,8.79979905,8.52082479,8.18345523,9.01364237,9.17089411,8.64424462,7.95350493,7.61320744,6.89955664,6.85128427,6.73638221,6.83334032,6.61114716,6.76264338,6.0737788,6.47637457,,,
Mali,MLI,"Health expenditure, total (% of GDP)",SH.XPD.TOTL.ZS,,5.02750196,7.56383734,6.86151044,6.20157769,6.04778072,6.29294165,6.39271264,6.31707332,6.25006856,6.2798959,6.33580578,6.55543828,6.97251095,6.7369722,6.84936871,6.35206417,6.58863181,6.46533952,6.5777895,6.86216649,,,
Malta,MLT,"Health expenditure, total (% of GDP)",SH.XPD.TOTL.ZS,,5.65594954,6.07280048,6.24602434,6.44533683,6.43084811,6.83173928,7.11463824,7.85889852,8.05680621,8.46267194,8.83355332,8.93281432,8.35676141,8.15397796,8.33140474,8.29921427,9.59870689,9.95129454,9.89183881,9.74992027,,,
Myanmar,MMR,"Health expenditure, total (% of GDP)",SH.XPD.TOTL.ZS,,2.13968736,2.11617213,1.8029385,1.58875431,1.55548364,1.83678367,1.80049104,2.05040164,1.96630795,1.96873038,1.83009783,1.77640517,1.68461292,1.87462274,2.04583935,1.92028227,1.86845552,2.21823163,2.15820037,2.27575459,,,
Middle East & North Africa (excluding high income),MNA,"Health expenditure, total (% of GDP)",SH.XPD.TOTL.ZS,,4.257600401,4.24961496,4.595147071,4.843913821,4.833579571,4.90775953,5.242066732,5.491862441,5.281315599,5.306338652,5.035966116,4.929356188,5.018040425,5.171745304,6.14770593,6.116903239,5.922722871,6.274903824,6.277917979,6.359045113,,,
Montenegro,MNE,"Health expenditure, total (% of GDP)",SH.XPD.TOTL.ZS,,7.42001049,7.43437225,7.40497515,7.42068408,7.47745752,7.31678384,8.22848975,8.33151401,8.91132279,8.44831694,8.46232483,8.01219061,6.74225066,6.13379906,6.07482371,6.90181545,6.92483198,7.2473971,6.42538419,6.41654268,,,
Mongolia,MNG,"Health expenditure, total (% of GDP)",SH.XPD.TOTL.ZS,,3.15125386,3.54865902,3.64701684,4.03912026,4.03921209,4.92301762,5.45485747,5.81219045,6.17936733,5.99465876,5.08566386,4.67597361,5.06366434,5.57702988,5.2898624,4.69693758,4.45434197,4.21982325,4.21146824,4.73034173,,,
Northern Mariana Islands,MNP,"Health expenditure, total (% of GDP)",SH.XPD.TOTL.ZS,,,,,,,,,,,,,,,,,,,,,,,,
Mozambique,MOZ,"Health expenditure, total (% of GDP)",SH.XPD.TOTL.ZS,,5.29972329,4.28251783,4.63095397,4.52070796,5.28541777,6.16162092,5.64277897,6.44871089,6.3923101,5.91276381,6.86781935,6.51278626,5.25271234,4.91337392,5.43496409,5.3803234,6.23470157,5.57950644,5.89790701,6.97558186,,,
Mauritania,MRT,"Health expenditure, total (% of GDP)",SH.XPD.TOTL.ZS,,4.64785334,3.74019295,3.91286043,4.62100432,5.33223008,5.25582483,4.33749659,5.31066019,4.52840343,4.70454966,4.2060502,3.20757593,3.53528514,3.22665716,3.78735326,3.27934195,2.86968767,3.36153201,3.63447484,3.77269904,,,
Mauritius,MUS,"Health expenditure, total (% of GDP)",SH.XPD.TOTL.ZS,,3.62368934,3.5281114,3.52944008,3.57578384,3.48627317,3.78342769,3.86541671,4.23599832,4.14728086,4.29214123,4.46865768,4.37870539,4.24109725,4.60310258,4.96772048,5.28526703,5.02482988,4.7562462,4.82151957,4.80954464,,,
Malawi,MWI,"Health expenditure, total (% of GDP)",SH.XPD.TOTL.ZS,,5.04605222,4.61373236,5.15085202,5.50652603,6.51804155,6.06981896,5.07322144,4.82253715,6.34731849,7.81617071,8.20169881,8.99284504,9.31250037,10.69761085,10.17733374,10.04536369,11.67225735,12.05577458,10.96199023,11.37795606,,,
Malaysia,MYS,"Health expenditure, total (% of GDP)",SH.XPD.TOTL.ZS,,2.9640287,2.93258764,2.72454231,2.9271689,3.03277509,3.03701543,3.39740598,3.40338142,3.95394002,3.74492489,3.29181275,3.65423211,3.60562884,3.4712822,3.97454959,3.99044068,3.88778674,4.01140506,4.01811554,4.16907804,,,
North America,NAC,"Health expenditure, total (% of GDP)",SH.XPD.TOTL.ZS,,12.77797097,12.72672321,12.65541082,12.71696535,12.71141232,12.77356409,13.42840092,14.21488393,14.66165831,14.70633741,14.69640052,14.7914992,15.03940369,15.45208941,16.4932236,16.45074318,16.41265282,16.38440949,16.2780938,16.51548075,,,
Namibia,NAM,"Health expenditure, total (% of GDP)",SH.XPD.TOTL.ZS,,6.20761231,6.57743022,6.84305465,6.83677463,6.97096872,6.11401617,6.17906153,6.16746382,6.52403029,6.47197619,7.31871061,7.19928741,6.99321064,7.14986622,8.05232515,7.89329936,8.78046547,8.23537727,8.52898331,8.92868766,,,
New Caledonia,NCL,"Health expenditure, total (% of GDP)",SH.XPD.TOTL.ZS,,,,,,,,,,,,,,,,,,,,,,,,
Niger,NER,"Health expenditure, total (% of GDP)",SH.XPD.TOTL.ZS,,6.65027544,6.29984378,6.72678981,6.79184785,6.8183244,6.00536329,7.00950375,6.55041776,6.23256935,6.60998896,7.14963764,7.39442881,6.93941879,6.75786887,6.97831587,6.36161217,6.66032034,6.10930646,5.0897826,5.82129922,,,
Nigeria,NGA,"Health expenditure, total (% of GDP)",SH.XPD.TOTL.ZS,,2.76977928,2.91602821,2.91599247,3.46834069,3.37741321,2.83703653,3.24623068,2.43166603,4.04693455,4.32750562,4.10629745,3.65686026,4.4733267,3.99807623,4.23500082,3.47052573,3.68701062,3.2990842,3.70392576,3.66879844,,,
Nicaragua,NIC,"Health expenditure, total (% of GDP)",SH.XPD.TOTL.ZS,,6.48283057,6.40874856,5.26920643,5.62660864,5.3151022,5.38943363,5.25911894,5.71455164,6.11615628,6.1259658,6.11145325,6.33185521,6.91390603,6.98285453,6.81780512,6.57853535,6.39394228,8.04170642,8.42894257,9.04013941,,,
Netherlands,NLD,"Health expenditure, total (% of GDP)",SH.XPD.TOTL.ZS,,7.44174214,7.47714281,7.47835631,7.56008731,7.52968629,7.42331959,7.79322671,8.34457362,8.45717558,8.52118682,9.59771913,9.35703746,9.35717394,9.57126055,10.29027545,10.47572212,10.52716599,11.01234745,11.0448661,10.89729305,,,
Norway,NOR,"Health expenditure, total (% of GDP)",SH.XPD.TOTL.ZS,,7.71662839,7.66637874,8.23639913,9.07038563,9.14228558,8.27250866,8.64555138,9.61619197,9.85260059,9.44112199,8.89402506,8.43055064,8.58441414,8.4020757,9.48566447,9.2556665,9.13551098,9.15682812,9.39187284,9.71971755,,,
Nepal,NPL,"Health expenditure, total (% of GDP)",SH.XPD.TOTL.ZS,,5.31416561,5.41855,5.49900875,6.61012007,5.87262507,5.42826192,5.36080541,5.60111826,5.48432085,5.82296493,5.72405361,5.69674996,5.84111345,6.43595472,6.40782169,6.43130604,6.72915248,5.8926379,5.6862681,5.797226,,,
Nauru,NRU,"Health expenditure, total (% of GDP)",SH.XPD.TOTL.ZS,,13.18234457,12.39754194,12.57622185,13.23836951,13.079891,13.49695197,14.27627969,15.56524263,14.40901784,11.62229274,12.57138688,13.54904504,19.14755531,16.44113877,9.45726812,9.10349444,7.66603943,6.96990224,4.65114671,3.32664948,,,
New Zealand,NZL,"Health expenditure, total (% of GDP)",SH.XPD.TOTL.ZS,,6.94847197,6.89050912,7.09832031,7.51341548,7.39729916,7.47004809,7.57891522,7.8905146,7.71206749,7.8882147,8.24881468,8.64627633,8.35417746,10.6984593,11.20574784,11.1979699,11.24147297,11.53033809,11.17351069,11.0296101,,,
OECD members,OED,"Health expenditure, total (% of GDP)",SH.XPD.TOTL.ZS,,9.205723209,9.310325911,9.422689756,9.615442261,9.704800687,9.802847452,10.30202449,10.72239892,10.9151874,10.86965134,10.96654391,11.0063781,11.00324219,11.26550832,12.21954724,12.1049586,12.05828085,12.18791868,12.20478022,12.31910897,,,
Oman,OMN,"Health expenditure, total (% of GDP)",SH.XPD.TOTL.ZS,,3.64642839,3.55728518,3.35538558,3.70112429,3.54359148,3.07275935,3.08303075,3.18048539,3.17288586,2.97575695,2.58713523,2.31084657,2.42579068,2.01221452,2.83003846,2.74408324,2.49265722,2.523264,2.76083902,3.55393969,,,
Other small states,OSS,"Health expenditure, total (% of GDP)",SH.XPD.TOTL.ZS,,4.87332316,5.015734592,4.93178677,5.269080271,5.113213492,4.660176775,4.783985177,5.038816252,5.381934765,5.16276239,4.83278908,4.473706266,4.284463859,4.021482284,4.860383151,4.315042728,4.011667639,4.154142843,4.208022254,4.252213214,,,
Pakistan,PAK,"Health expenditure, total (% of GDP)",SH.XPD.TOTL.ZS,,2.50362972,2.57494036,2.56506861,2.74957751,2.83211153,2.78750187,2.60799747,2.76317772,2.60877636,2.55792322,2.91358382,3.40168643,3.35353968,3.2590847,2.93914413,3.01609686,3.00636984,2.75972728,2.70392397,2.61391631,,,
Panama,PAN,"Health expenditure, total (% of GDP)",SH.XPD.TOTL.ZS,,7.72062079,7.18293088,7.1201904,7.08621084,6.85474368,7.76386558,7.72136354,8.0293993,7.60445984,8.08643586,7.47896823,6.99655716,6.30662961,6.75011236,7.56026325,8.04716512,7.50141666,7.24519314,8.08587822,8.0257236,,,
Peru,PER,"Health expenditure, total (% of GDP)",SH.XPD.TOTL.ZS,,4.46317651,4.50465932,4.38337669,4.55823587,4.95362369,4.827757,4.98481333,4.93871106,4.5988428,4.56192538,4.71800204,4.46819608,4.59945033,4.72994861,5.36154745,5.03167838,4.92714048,5.17591754,5.23182008,5.47303468,,,
Philippines,PHL,"Health expenditure, total (% of GDP)",SH.XPD.TOTL.ZS,,3.44929165,3.54187897,3.61927658,3.19884187,3.23121551,3.2091775,2.9983988,2.79116169,3.24713196,3.22814859,3.9138542,3.95164594,3.94034192,4.04747517,4.41043729,4.37397274,4.28992635,4.45815444,4.55778632,4.7099852,,,
Palau,PLW,"Health expenditure, total (% of GDP)",SH.XPD.TOTL.ZS,,11.65500289,11.69429739,11.31534729,9.94845085,11.28250019,9.49786026,8.62278913,8.41396898,8.47729758,8.80431634,8.21470499,8.71445874,9.0090566,9.0740546,9.52643642,10.6424429,9.29484695,9.35998673,9.26707342,9.02153343,,,
Papua New Guinea,PNG,"Health expenditure, total (% of GDP)",SH.XPD.TOTL.ZS,,2.93218749,3.0960318,3.64156441,3.80894413,4.09356593,3.98366886,6.67581279,7.68937382,6.79231045,8.39248669,6.41591818,5.91902791,4.03723822,4.05603415,4.35763089,4.17576533,4.94295908,4.55003511,4.7785428,4.26357082,,,
Poland,POL,"Health expenditure, total (% of GDP)",SH.XPD.TOTL.ZS,,5.35738635,5.75666362,5.53627382,5.8556039,5.66978124,5.50150462,5.85595692,6.32075444,6.2217914,6.18540158,6.20353532,6.1706712,6.27954647,6.87653481,7.12088233,6.88449165,6.7023798,6.61772998,6.4042609,6.35024637,,,
Pre-demographic dividend,PRE,"Health expenditure, total (% of GDP)",SH.XPD.TOTL.ZS,,4.19883948,4.209687102,4.222774995,4.467481765,4.36851014,3.794290424,4.238706898,3.993065462,4.61452998,4.881438665,4.568939436,4.389300224,4.494592978,4.645373731,5.121545229,4.500457575,4.39386183,4.566764049,4.910323743,4.762338919,,,
Puerto Rico,PRI,"Health expenditure, total (% of GDP)",SH.XPD.TOTL.ZS,,,,,,,,,,,,,,,,,,,,,,,,
"Korea, Dem. People’s Rep.",PRK,"Health expenditure, total (% of GDP)",SH.XPD.TOTL.ZS,,,,,,,,,,,,,,,,,,,,,,,,
Portugal,PRT,"Health expenditure, total (% of GDP)",SH.XPD.TOTL.ZS,,7.41933998,7.70057466,7.68818712,7.62507945,7.87096537,9.14137871,9.1032037,9.15465809,9.54101957,9.83769679,9.97647249,9.67265428,9.61953682,9.89868879,10.41844886,10.43672755,10.06864127,9.74360978,9.55334024,9.50107564,,,
Paraguay,PRY,"Health expenditure, total (% of GDP)",SH.XPD.TOTL.ZS,,5.9229547,5.9372284,6.19123742,6.28535175,6.79445516,8.10005666,7.61414476,6.77142556,5.98546934,5.77699347,6.07399547,6.42732062,6.4115059,7.06394059,9.13992194,9.10170096,9.4235562,10.33407449,10.49411979,9.81442131,,,
West Bank and Gaza,PSE,"Health expenditure, total (% of GDP)",SH.XPD.TOTL.ZS,,,,,,,,,,,,,,,,,,,,,,,,
Pacific island small states,PSS,"Health expenditure, total (% of GDP)",SH.XPD.TOTL.ZS,,4.865629185,4.399357082,4.58974346,4.573707235,4.602465867,5.301957692,5.265544139,5.133894592,5.022072903,5.076588592,5.316211256,5.412976634,5.456046098,5.253870841,5.962525149,6.00601973,5.408997807,5.386744051,5.638761289,5.774833278,,,
Post-demographic dividend,PST,"Health expenditure, total (% of GDP)",SH.XPD.TOTL.ZS,,9.323968924,9.447716128,9.581842366,9.807499155,9.888279449,10.00923102,10.5122071,10.94651657,11.12740952,11.08069918,11.21274261,11.26622092,11.26617605,11.53607398,12.49271749,12.42088376,12.3945397,12.52709716,12.5710757,12.69953373,,,
French Polynesia,PYF,"Health expenditure, total (% of GDP)",SH.XPD.TOTL.ZS,,,,,,,,,,,,,,,,,,,,,,,,
Qatar,QAT,"Health expenditure, total (% of GDP)",SH.XPD.TOTL.ZS,,3.70451691,3.69209934,3.14452938,3.40069377,2.90482849,2.17801565,2.55647744,2.71181463,4.14216222,3.60739107,3.01330669,2.58341286,2.31281695,1.87470035,2.63380793,2.09267664,1.92658264,2.15608952,2.14592773,2.18706236,,,
Romania,ROU,"Health expenditure, total (% of GDP)",SH.XPD.TOTL.ZS,,3.21659357,3.21466899,4.1685091,3.75124783,4.19795255,4.32741308,4.35687135,4.57232682,5.29882356,5.43201221,5.46905767,5.05987966,5.21089978,5.33489757,5.55959499,5.83283431,5.52618204,5.47833245,5.59558777,5.56500913,,,
Russia,RUS,"Health expenditure, total (% of GDP)",SH.XPD.TOTL.ZS,,5.3627502,5.55091916,7.10045413,6.61999512,5.79575085,5.42186816,5.67444877,5.98934673,5.60863706,5.18758222,5.21198715,5.30478653,5.37995338,6.22459761,7.44325087,6.83091103,6.61180659,6.87955814,7.09185941,7.07040825,,,
Rwanda,RWA,"Health expenditure, total (% of GDP)",SH.XPD.TOTL.ZS,,4.267379,4.43501161,4.41720949,5.07816399,4.57291275,4.22067539,4.38001652,4.17579115,6.34215334,6.24465499,6.83378867,10.01649788,8.49068054,7.66066411,7.20190506,7.90988034,7.71014085,7.67761838,7.6883653,7.53155111,,,
South Asia,SAS,"Health expenditure, total (% of GDP)",SH.XPD.TOTL.ZS,,3.757820559,3.656273796,3.866585397,3.944082901,3.758671253,3.919776125,4.098984092,4.096972287,4.00711308,3.966143708,4.064100038,4.090313884,4.08276135,4.157431977,4.176635822,4.138286767,4.162748514,4.173620104,4.267625959,4.376013346,,,
Saudi Arabia,SAU,"Health expenditure, total (% of GDP)",SH.XPD.TOTL.ZS,,2.93255211,2.93290445,3.02890481,3.31272189,4.09906153,4.23538585,4.48913476,4.28214226,4.01870035,3.5839803,3.4187517,3.54970413,3.48745137,2.87015066,4.08644859,3.49296819,3.56571403,3.86342862,4.24536506,4.68408481,,,
Sudan,SDN,"Health expenditure, total (% of GDP)",SH.XPD.TOTL.ZS,,3.98472106,4.43545193,4.23135527,4.11402925,3.82070938,3.22544835,2.96223361,2.94690725,3.17703293,3.39271563,3.1765208,3.92670182,4.72342094,8.16712987,8.0387379,7.96507777,8.02944311,8.20038881,8.42182058,8.42877471,,,
Senegal,SEN,"Health expenditure, total (% of GDP)",SH.XPD.TOTL.ZS,,3.93436113,4.08425752,3.93954329,3.96613493,4.48967969,4.63151098,4.97866497,5.06418774,5.39898595,5.68098678,5.35462391,5.4435566,4.72179722,4.93514752,4.8075596,4.62149151,4.41690185,4.31118548,4.51055336,4.66497201,,,
Singapore,SGP,"Health expenditure, total (% of GDP)",SH.XPD.TOTL.ZS,,2.93538792,2.85809099,2.79514503,3.10455417,2.81540411,2.70571076,2.3688879,2.84341036,3.62564229,3.17368627,3.7437377,3.65590488,3.45830706,3.91164646,4.27307275,3.95624757,3.93233174,4.22285179,4.52704132,4.92279194,,,
Solomon Islands,SLB,"Health expenditure, total (% of GDP)",SH.XPD.TOTL.ZS,,3.24687359,3.01942846,3.28349045,3.5283561,3.80478354,4.56048235,6.4432523,6.09018055,6.00398587,5.64064416,7.83435685,6.6640115,6.42147919,5.97100604,7.92179206,7.46783612,5.08309566,5.48036406,5.42167209,5.05106254,,,
Sierra Leone,SLE,"Health expenditure, total (% of GDP)",SH.XPD.TOTL.ZS,,11.3546981,11.08218521,11.59462938,10.92184125,12.15877898,13.63256032,11.8345473,11.96043347,11.69246204,11.66277367,12.24678485,10.67789154,10.1169446,10.29246346,13.13439594,10.31962615,11.98498249,11.23526449,11.58532421,11.08990224,,,
El Salvador,SLV,"Health expenditure, total (% of GDP)",SH.XPD.TOTL.ZS,,6.37866428,7.57816748,8.20785503,8.42542914,8.16387259,8.17035693,8.01874114,7.89933898,7.60620874,7.29741079,7.19019921,6.67646241,6.31506264,6.21326237,6.83139755,6.912477,6.8080665,6.70445412,6.94580058,6.77240285,,,
San Marino,SMR,"Health expenditure, total (% of GDP)",SH.XPD.TOTL.ZS,,5.30852454,5.1019538,4.79610226,4.71353812,4.72906653,4.81420422,4.70998606,4.67493655,4.25442586,4.17137933,4.08634536,3.85005378,3.87083755,3.94560934,4.57007456,5.01688731,5.71712772,6.28075946,6.04907828,6.12906486,,,
Somalia,SOM,"Health expenditure, total (% of GDP)",SH.XPD.TOTL.ZS,,,,,,,,,,,,,,,,,,,,,,,,
Serbia,SRB,"Health expenditure, total (% of GDP)",SH.XPD.TOTL.ZS,,6.50632514,6.50568356,6.51275954,6.56727432,6.60692489,6.52558279,6.88541032,8.09016738,8.12851142,8.23883414,8.70154867,8.99165287,10.01500892,10.04801464,9.90349052,10.08880983,9.72329413,9.89106186,10.11558912,10.36881192,,,
Sub-Saharan Africa (excluding high income),SSA,"Health expenditure, total (% of GDP)",SH.XPD.TOTL.ZS,,6.130894669,6.068384587,6.121331989,6.134726827,6.055559984,5.517058291,5.785790933,5.377492768,5.984029637,6.033545164,5.849102136,5.645431194,5.604634854,5.579280668,6.14241953,5.78919687,5.79987814,5.598327919,5.653417963,5.472636253,,,
South Sudan,SSD,"Health expenditure, total (% of GDP)",SH.XPD.TOTL.ZS,,,,,,,,,,,,,,,,,,,2.7738404,2.61923747,2.73842073,,,
Sub-Saharan Africa,SSF,"Health expenditure, total (% of GDP)",SH.XPD.TOTL.ZS,,6.129073724,6.066881656,6.120437834,6.132518812,6.053485274,5.515526545,5.783325279,5.375229816,5.981973866,6.03082095,5.846451563,5.642960243,5.602040094,5.576566859,6.13941413,5.787611614,5.798173667,5.597254493,5.651681831,5.47094373,,,
Small states,SST,"Health expenditure, total (% of GDP)",SH.XPD.TOTL.ZS,,4.959458055,5.06326888,5.073875148,5.256582321,5.10353405,4.812366784,4.883950872,5.074264556,5.327326576,5.192205645,4.904663144,4.596764016,4.497844159,4.268130538,5.108637539,4.578459432,4.278288804,4.473335832,4.51064742,4.538641847,,,
Sao Tome and Principe,STP,"Health expenditure, total (% of GDP)",SH.XPD.TOTL.ZS,,7.64273595,6.80703133,8.31632977,7.35704318,8.49001082,8.8589867,10.27774064,10.2099232,11.1180666,9.93609895,10.03778171,7.84085755,7.43878143,5.66213472,6.6527575,5.24180131,5.44255012,8.60347569,9.76121412,8.35346606,,,
Suriname,SUR,"Health expenditure, total (% of GDP)",SH.XPD.TOTL.ZS,,6.96915487,7.41196355,10.05899763,11.12889527,8.91031536,9.65099515,8.37819571,7.1421666,6.62355609,6.87614002,6.7755102,6.21722335,5.92394468,5.92226887,6.13576782,5.80511399,5.93024378,6.08716678,5.96477182,5.68746988,,,
Slovak Republic,SVK,"Health expenditure, total (% of GDP)",SH.XPD.TOTL.ZS,,6.06387494,6.43714522,5.78420775,5.65522564,5.75379503,5.49890785,5.50461613,5.62930119,5.81850192,7.21098106,7.04485118,7.34768079,7.75529417,8.0208281,9.15199445,8.50861648,7.95706221,8.14522055,8.00422824,8.05404755,,,
Slovenia,SVN,"Health expenditure, total (% of GDP)",SH.XPD.TOTL.ZS,,7.45548818,7.63863893,7.75623737,7.81007276,7.79898595,8.26416456,8.56912386,8.62002958,8.76732486,8.46523245,8.49586245,8.41787985,7.98322378,8.46557039,9.37871271,9.06859821,9.0771408,9.36723766,9.29292245,9.23388628,,,
Sweden,SWE,"Health expenditure, total (% of GDP)",SH.XPD.TOTL.ZS,,7.96455521,8.20030584,8.02636126,8.11535567,8.19761871,8.17961312,8.85949228,9.22815647,9.31003467,9.08797098,9.06150305,8.94799761,8.91722313,9.22835422,9.93895273,9.46876598,11.70251308,11.80240408,11.96648921,11.92983965,,,
Swaziland,SWZ,"Health expenditure, total (% of GDP)",SH.XPD.TOTL.ZS,,4.96022014,5.40336559,5.11770422,5.50584997,5.32938564,5.25519849,5.11405331,5.15565081,5.70622138,5.88376476,6.79799069,6.81322502,7.0494846,8.19474448,8.46365405,8.46995395,8.61329306,8.75829595,9.65813772,9.25193954,,,
Sint Maarten (Dutch part),SXM,"Health expenditure, total (% of GDP)",SH.XPD.TOTL.ZS,,,,,,,,,,,,,,,,,,,,,,,,
Seychelles,SYC,"Health expenditure, total (% of GDP)",SH.XPD.TOTL.ZS,,4.97004056,5.07147834,5.57218446,4.94515287,4.95764546,4.61725436,4.45396104,4.20887554,4.64427154,4.17338663,3.90758098,3.72881909,3.30160537,2.6367745,2.63590921,3.59400354,3.38253043,4.08323853,3.57848961,3.36981689,,,
Syrian Arab Republic,SYR,"Health expenditure, total (% of GDP)",SH.XPD.TOTL.ZS,,5.51687902,5.5004147,5.29796706,5.12370263,5.24971554,4.91917628,4.91523547,4.9424633,5.11607166,4.47860155,4.10970595,3.77755937,3.72233305,3.39762749,3.54647033,3.27644738,3.23254125,3.2546046,3.25453108,3.25453108,,,
Turks and Caicos Islands,TCA,"Health expenditure, total (% of GDP)",SH.XPD.TOTL.ZS,,,,,,,,,,,,,,,,,,,,,,,,
Chad,TCD,"Health expenditure, total (% of GDP)",SH.XPD.TOTL.ZS,,5.78536987,5.41033448,5.55698269,5.41150051,5.8664633,6.27665152,6.08614845,8.33249881,5.49054134,5.71977487,3.91024833,3.32174296,3.34616501,2.9164692,3.30677754,2.94877337,3.16873244,3.0003298,3.41745392,3.6211644,,,
East Asia & Pacific (IDA & IBRD countries),TEA,"Health expenditure, total (% of GDP)",SH.XPD.TOTL.ZS,,3.260410633,3.462185961,3.630162111,4.010465074,4.061774264,4.089869985,4.149071327,4.308165177,4.391081211,4.314950398,4.329259816,4.24979596,4.135077525,4.33825595,4.782707178,4.593169626,4.720184727,4.968748393,5.094612274,5.256579104,,,
Europe & Central Asia (IDA & IBRD countries),TEC,"Health expenditure, total (% of GDP)",SH.XPD.TOTL.ZS,,4.929242768,5.143888211,5.81273722,5.380216278,5.43753181,5.333360879,5.589405247,5.868625064,5.789201247,5.630337884,5.648482039,5.681202789,5.759204517,6.217820938,6.854322634,6.467060242,6.212121142,6.358349974,6.472219446,6.412515831,,,
Togo,TGO,"Health expenditure, total (% of GDP)",SH.XPD.TOTL.ZS,,3.98928561,4.00722916,3.87706166,3.91614866,4.00537259,4.34587672,4.28754557,4.0672205,4.99880284,5.06130245,5.17180825,5.56021357,5.54708083,5.73187263,6.63672007,5.36773553,5.20927104,5.11056848,5.11926485,5.24687674,,,
Thailand,THA,"Health expenditure, total (% of GDP)",SH.XPD.TOTL.ZS,,3.531533624,3.840836915,3.996596053,3.735286215,3.496251095,3.395409418,3.315539762,3.700102171,3.58195154,3.514014999,3.548528224,3.493400777,3.564174177,3.923535752,4.112478932,3.809096371,4.119845915,4.169548908,4.004047293,4.122164481,,,
Tajikistan,TJK,"Health expenditure, total (% of GDP)",SH.XPD.TOTL.ZS,,3.06601222,3.10434972,3.63343559,3.5587818,3.87736245,4.64098196,4.58575814,4.47985599,4.46175837,5.07023451,5.88684129,5.70209357,5.34661226,5.58479823,5.92820612,6.04279741,5.98248817,6.39187459,6.75199215,6.880884,,,
Turkmenistan,TKM,"Health expenditure, total (% of GDP)",SH.XPD.TOTL.ZS,,3.06731472,3.1335062,4.96003169,5.03036799,3.88163143,3.94217882,3.87186243,3.3377542,3.85321101,4.03345977,3.51024521,2.90279089,2.15851852,1.9252072,1.88168599,1.98723852,1.98105412,1.96187546,2.12069027,2.06738625,,,
Latin America & the Caribbean (IDA & IBRD countries),TLA,"Health expenditure, total (% of GDP)",SH.XPD.TOTL.ZS,,6.312102056,6.304625081,6.313872227,6.318351627,6.523930938,6.354553923,6.49516639,6.192696989,6.44672875,6.386283858,6.777578776,6.757540579,6.822738357,6.84408769,7.486272036,7.144469717,7.00337059,6.99620443,7.129741852,7.099860616,,,
Timor-Leste,TLS,"Health expenditure, total (% of GDP)",SH.XPD.TOTL.ZS,,,,,,,3.26442873,3.74927975,3.88859344,2.48303393,1.30917431,1.04740904,0.65286624,0.36832022,0.73921941,1.01851052,0.92235429,0.75749142,1.00788672,1.28677234,1.47530345,,,
Middle East & North Africa (IDA & IBRD countries),TMN,"Health expenditure, total (% of GDP)",SH.XPD.TOTL.ZS,,4.257600401,4.24961496,4.595147071,4.843913821,4.833579571,4.90775953,5.242066732,5.491862441,5.281315599,5.306338652,5.035966116,4.929356188,5.018040425,5.171745304,6.14770593,6.116903239,5.922722871,6.274903824,6.277917979,6.359045113,,,
Tonga,TON,"Health expenditure, total (% of GDP)",SH.XPD.TOTL.ZS,,4.13074967,4.21472348,4.47885371,4.7273677,5.14424756,4.75456523,5.65871081,5.02974129,5.08974932,4.87078703,6.52379264,5.60594356,5.81765428,5.12973873,4.66848316,4.59400374,4.06038924,4.51094427,4.98418762,5.17677064,,,
South Asia (IDA & IBRD),TSA,"Health expenditure, total (% of GDP)",SH.XPD.TOTL.ZS,,3.757820559,3.656273796,3.866585397,3.944082901,3.758671253,3.919776125,4.098984092,4.096972287,4.00711308,3.966143708,4.064100038,4.090313884,4.08276135,4.157431977,4.176635822,4.138286767,4.162748514,4.173620104,4.267625959,4.376013346,,,
Sub-Saharan Africa (IDA & IBRD countries),TSS,"Health expenditure, total (% of GDP)",SH.XPD.TOTL.ZS,,6.129073724,6.066881656,6.120437834,6.132518812,6.053485274,5.515526545,5.783325279,5.375229816,5.981973866,6.03082095,5.846451563,5.642960243,5.602040094,5.576566859,6.13941413,5.787611614,5.798173667,5.597254493,5.651681831,5.47094373,,,
Trinidad and Tobago,TTO,"Health expenditure, total (% of GDP)",SH.XPD.TOTL.ZS,,5.09811641,4.73247124,4.57741344,4.17963328,4.70723528,4.16756233,4.39833331,4.99769053,5.12558072,5.2241969,5.31033616,4.48975901,4.82306179,4.3981753,6.47087206,5.28531009,5.05638554,5.78214255,5.98343264,5.93319696,,,
Tunisia,TUN,"Health expenditure, total (% of GDP)",SH.XPD.TOTL.ZS,,5.85903889,5.4307356,5.13826157,5.39805385,5.42520205,5.39590538,5.29072381,5.31933929,5.35778086,5.62538521,5.56702876,5.64434473,5.64191897,5.6286516,6.18404687,6.54360565,7.15464127,7.17870481,7.26466474,7.00385794,,,
Turkey,TUR,"Health expenditure, total (% of GDP)",SH.XPD.TOTL.ZS,,2.5070327,2.90240258,3.13356918,3.59344282,4.76552076,4.94898488,5.16018215,5.35671343,5.33861757,5.37016598,5.44880157,5.81085626,6.03715628,6.07447864,6.07952123,5.61321761,5.28676115,5.2363833,5.384456,5.41495949,,,
Tuvalu,TUV,"Health expenditure, total (% of GDP)",SH.XPD.TOTL.ZS,,8.16984768,11.38689783,8.264683,8.76363644,9.34381366,15.69767024,17.43301317,14.5805306,21.88030831,16.93131245,18.41012845,19.37748443,16.99930755,13.42532962,12.8212381,16.75279266,16.97994463,13.77340665,16.61044357,16.53663877,,,
Tanzania,TZA,"Health expenditure, total (% of GDP)",SH.XPD.TOTL.ZS,,3.01301851,2.77587875,2.77628591,2.54390649,2.67091378,2.64168592,3.27675923,3.5897047,4.05540452,4.09591423,4.66284406,6.86400679,4.71826274,4.21458618,3.97365888,5.29671631,5.71831577,5.72109354,5.56967822,5.58011591,,,
Uganda,UGA,"Health expenditure, total (% of GDP)",SH.XPD.TOTL.ZS,,5.69237231,5.67241225,5.56349662,6.20038827,6.17789466,6.77320288,7.26084954,7.78265962,7.5364715,8.89591147,9.36187998,9.86250092,9.76286949,9.10394727,8.42938791,11.02478546,9.08972092,7.58352882,7.47352248,7.22213686,,,
Ukraine,UKR,"Health expenditure, total (% of GDP)",SH.XPD.TOTL.ZS,,7.00905529,6.85169783,6.85355266,6.60425133,5.89209752,5.58890298,5.65578135,6.25127679,6.93362184,6.60913962,6.41043647,6.39231981,6.35521436,6.63441822,7.79946242,7.80753352,6.98430531,7.46947303,7.66658213,7.09573611,,,
Upper middle income,UMC,"Health expenditure, total (% of GDP)",SH.XPD.TOTL.ZS,,5.227012198,5.278935408,5.54544469,5.513632189,5.599570418,5.516063374,5.592008592,5.509623265,5.593002117,5.497025831,5.626228878,5.563869675,5.532197208,5.699591368,6.247697322,5.995490663,5.91731057,6.016861912,6.101260931,6.150153812,,,
Uruguay,URY,"Health expenditure, total (% of GDP)",SH.XPD.TOTL.ZS,,12.63050196,10.70709205,8.39879148,8.90614574,7.75073941,7.81923694,7.45887275,7.17898084,6.51517001,11.58763842,11.1496572,11.17178456,8.22815252,8.17280036,8.78469846,8.62826624,8.55410488,8.7407876,8.67769884,8.5814914,,,
USA,USA,"Health expenditure, total (% of GDP)",SH.XPD.TOTL.ZS,,13.08665381,13.04409768,12.96264222,12.98733834,12.99005116,13.06983845,13.72876259,14.54940527,15.05869771,15.13565701,15.15399054,15.2700426,15.56604376,16.02261006,16.99914257,17.0167582,17.05713122,17.01736133,16.89772211,17.14075435,,,
Uzbekistan,UZB,"Health expenditure, total (% of GDP)",SH.XPD.TOTL.ZS,,6.74492996,7.1251374,6.81584604,6.30520983,5.53580821,5.29449957,5.27690086,5.43685001,5.16997656,5.11436038,5.11296685,5.49300901,5.81239577,5.92163254,6.31487791,5.34396144,5.64815804,6.49281819,6.31652519,5.83852176,,,
St. Vincent and the Grenadines,VCT,"Health expenditure, total (% of GDP)",SH.XPD.TOTL.ZS,,6.72311994,6.7303465,7.47797437,6.80509482,6.46801482,3.7286133,3.64487016,3.93148728,3.90559599,3.72254162,3.65905803,3.88350892,3.92014582,4.69654243,5.13037013,4.70791229,4.99199565,8.47719837,5.2086,8.63023974,,,
"Venezuela, RB",VEN,"Health expenditure, total (% of GDP)",SH.XPD.TOTL.ZS,,5.42406837,4.72752848,4.05839035,4.44394708,4.91966378,4.9066524,5.20843586,4.93143968,4.93347186,4.77964216,4.6940286,4.85046028,5.25316087,3.98047064,5.81361503,5.03666547,5.2449473,4.80160508,4.93680816,5.2567025,,,
British Virgin Islands,VGB,"Health expenditure, total (% of GDP)",SH.XPD.TOTL.ZS,,,,,,,,,,,,,,,,,,,,,,,,
Virgin Islands (U.S.),VIR,"Health expenditure, total (% of GDP)",SH.XPD.TOTL.ZS,,,,,,,,,,,,,,,,,,,,,,,,
Vietnam,VNM,"Health expenditure, total (% of GDP)",SH.XPD.TOTL.ZS,,5.18751136,5.0518596,4.87738848,4.91848196,4.88350828,4.89132806,5.17364313,4.69805786,4.83899044,5.08710719,5.37666261,5.56258599,6.0923572,5.52834177,6.0398131,6.36084929,6.2016319,6.96358104,7.16550866,7.06677833,,,
Vanuatu,VUT,"Health expenditure, total (% of GDP)",SH.XPD.TOTL.ZS,,2.67060661,2.30245085,2.83190881,3.60614404,3.21916418,3.28357898,3.36538173,3.52286849,4.01906287,4.11663165,3.86851559,3.96261637,3.67007251,3.66361488,3.90267183,4.71116665,3.84552673,3.70249939,3.92031081,5.02357493,,,
World,WLD,"Health expenditure, total (% of GDP)",SH.XPD.TOTL.ZS,,8.504874738,8.552708087,8.648992235,8.872739702,8.97982016,9.002037543,9.415820946,9.763903429,9.91233557,9.793760909,9.781778241,9.676622306,9.528370955,9.600522698,10.38112096,10.01633636,9.822357436,9.84190227,9.825760837,9.891253836,,,
Samoa,WSM,"Health expenditure, total (% of GDP)",SH.XPD.TOTL.ZS,,4.60886667,4.17497735,4.64260971,5.16712117,5.59621339,5.31099354,5.15897595,5.01272806,4.70708479,4.44716302,4.4674683,4.67689122,5.25092298,4.51961091,5.04306066,5.70478027,5.79833054,5.01570584,6.90784194,7.21510906,,,
Kosovo,XKX,"Health expenditure, total (% of GDP)",SH.XPD.TOTL.ZS,,,,,,,,,,,,,,,,,,,,,,,,
"Yemen, Rep.",YEM,"Health expenditure, total (% of GDP)",SH.XPD.TOTL.ZS,,4.20394144,4.11404036,4.25990346,4.97697955,4.28163482,4.13856617,4.33521896,4.2192872,5.00406928,4.8988836,4.5804801,4.81712889,4.91766097,5.11744651,5.31633725,5.17144739,5.0414585,5.73349373,5.77556499,5.63699019,,,
South Africa,ZAF,"Health expenditure, total (% of GDP)",SH.XPD.TOTL.ZS,,8.28382429,8.47180399,8.58889772,8.48517314,8.50569496,8.06849287,8.31481812,8.08571189,8.25734824,7.92666753,7.76856193,7.56779385,7.53305757,7.74694468,8.38628739,8.5041601,8.61362713,8.79451471,8.77541891,8.79698456,,,
Zambia,ZMB,"Health expenditure, total (% of GDP)",SH.XPD.TOTL.ZS,,4.97742828,6.00546828,6.27948539,7.0649671,7.36514479,7.16155106,6.56316538,6.92776191,8.17601711,7.32536011,7.55610861,6.10709037,4.36579232,4.8719934,4.72867894,4.40728156,4.262571,4.91328998,4.99279017,4.98676469,,,
Zimbabwe,ZWE,"Health expenditure, total (% of GDP)",SH.XPD.TOTL.ZS,,,,,,,7.00975099,6.15713524,6.53175852,6.51500899,7.13051837,6.43560337,5.1241363,4.47385581,4.95530438,6.25858308,5.37316536,6.30657418,6.68618346,6.88119338,6.43947119,,,